period,department,category,transaction_count,total_amount,budget,variance,budget_utilization_pct,variance_pct,budget_available,avg_transaction_value,spending_deviation_pct,transaction_count_deviation_pct,period_total_spending,period_spending_change_pct,rolling_3m_avg_spending,rolling_spending_deviation_pct,high_budget_utilization,high_spending_deviation,high_transaction_deviation,large_period_change,large_rolling_deviation,anomaly_score,is_anomaly,anomaly_signals
2025-01,Customer Support,Outsourcing,79,906916.46,913791.7,-6875.239999999991,99.24761408973184,-0.7523859102681707,1,11479.955189873415,0.9036403479660228,0.7082152974504269,53363242.28,,53363242.28,0.0,False,False,False,False,False,0,0,
2025-01,Customer Support,Product Sales,56,1273072.74,,,,,0,22733.441785714287,9.997397510625484,11.25827814569536,53363242.28,,53363242.28,0.0,False,False,False,False,False,0,0,
2025-01,Customer Support,Service Revenue,50,1125824.05,,,,,0,22516.481,3.0655986279599,6.257378984651709,53363242.28,,53363242.28,0.0,False,False,False,False,False,0,0,
2025-01,Customer Support,Software,82,724787.64,737863.28,-13075.640000000014,98.2279047684823,-1.772095231517689,1,8838.873658536586,2.2709782472902886,9.414381022979986,53363242.28,,53363242.28,0.0,False,False,False,False,False,0,0,
2025-01,Customer Support,Subscription,60,1456901.64,,,,,0,24281.694,34.795807411515746,26.90951821386604,53363242.28,,53363242.28,0.0,False,True,True,False,False,2,1,"high spending deviation, high transaction deviation"
2025-01,Customer Support,Support Tools,69,658831.34,640835.18,17996.159999999916,102.8082353406378,2.808235340637809,1,9548.280289855073,-12.701381825806418,-13.929313929313937,53363242.28,,53363242.28,0.0,True,False,False,False,False,1,0,high budget utilization
2025-01,Customer Support,Training,77,483785.12,477200.44,6584.679999999993,101.37985622980564,1.3798562298056545,1,6282.923636363636,-11.45688325166517,0.9468317552804162,53363242.28,,53363242.28,0.0,True,False,False,False,False,1,0,high budget utilization
2025-01,Customer Support,Transaction Fees,31,721542.13,,,,,0,23275.55258064516,-32.509748872240465,-35.26682134570765,53363242.28,,53363242.28,0.0,False,True,True,False,False,2,1,"high spending deviation, high transaction deviation"
2025-01,Finance,Audit,49,276168.7,270906.81,5261.890000000014,101.9423247425932,1.942324742593224,1,5636.095918367348,-23.22320482548258,-4.751619870410364,53363242.28,,53363242.28,0.0,True,True,False,False,False,2,1,"high budget utilization, high spending deviation"
2025-01,Finance,Bank Charges,62,278818.88,258334.99,20483.89000000001,107.92919689276316,7.929196892763157,1,4497.078709677419,19.364466925143414,20.910075839653302,53363242.28,,53363242.28,0.0,True,False,True,False,False,2,1,"high budget utilization, high transaction deviation"
2025-01,Finance,Product Sales,34,768315.04,,,,,0,22597.50117647059,11.505435665863091,9.481216457960638,53363242.28,,53363242.28,0.0,False,False,False,False,False,0,0,
2025-01,Finance,Professional Services,41,304774.6,297935.58,6839.01999999996,102.29546937629938,2.295469376299387,1,7433.526829268292,-15.849738603722749,-11.51079136690648,53363242.28,,53363242.28,0.0,True,False,False,False,False,1,0,high budget utilization
2025-01,Finance,Service Revenue,27,588653.71,,,,,0,21801.98925925926,-19.504824380487563,-14.285714285714285,53363242.28,,53363242.28,0.0,False,False,False,False,False,0,0,
2025-01,Finance,Software,51,320562.13,299194.94,21367.19,107.14156128442546,7.141561284425466,1,6285.531960784314,-4.024926886582689,-0.4338394793926232,53363242.28,,53363242.28,0.0,True,False,False,False,False,1,0,high budget utilization
2025-01,Finance,Subscription,27,604518.42,,,,,0,22389.571111111112,-10.18169659406337,-12.115732368896923,53363242.28,,53363242.28,0.0,False,False,False,False,False,0,0,
2025-01,Finance,Transaction Fees,21,579090.39,,,,,0,27575.73285714286,-17.63652005944925,-31.768953068592054,53363242.28,,53363242.28,0.0,False,False,True,False,False,1,0,high transaction deviation
2025-01,HR,Benefits,60,339323.99,333699.53,5624.459999999963,101.68548634156,1.6854863415600143,1,5655.399833333333,31.146756527085184,31.868131868131865,53363242.28,,53363242.28,0.0,True,True,True,False,False,3,1,"high budget utilization, high spending deviation, high transaction deviation"
2025-01,HR,Product Sales,25,439393.11,,,,,0,17575.7244,-35.76098561815184,-17.431192660550458,53363242.28,,53363242.28,0.0,False,True,False,False,False,1,0,high spending deviation
2025-01,HR,Recruitment,47,239911.32,246812.06,-6900.739999999991,97.2040507258843,-2.795949274115693,1,5104.496170212766,-0.5162908359750187,4.0590405904059095,53363242.28,,53363242.28,0.0,False,False,False,False,False,0,0,
2025-01,HR,Service Revenue,23,528749.35,,,,,0,22989.10217391304,-22.69106863532485,-24.452554744525543,53363242.28,,53363242.28,0.0,False,True,True,False,False,2,1,"high spending deviation, high transaction deviation"
2025-01,HR,Software,53,238908.23,215718.14,23190.09,110.75018076829328,10.750180768293289,1,4507.702452830189,-9.86630963088901,12.899408284023671,53363242.28,,53363242.28,0.0,True,False,False,False,False,1,0,high budget utilization
2025-01,HR,Subscription,40,877985.29,,,,,0,21949.63225,35.550540642834534,40.62500000000001,53363242.28,,53363242.28,0.0,False,True,True,False,False,2,1,"high spending deviation, high transaction deviation"
2025-01,HR,Training,52,240741.99,241218.03,-476.04000000000815,99.80265156796116,-0.1973484320388522,1,4629.653653846153,13.403771277801022,9.60187353629977,53363242.28,,53363242.28,0.0,False,False,False,False,False,0,0,
2025-01,HR,Transaction Fees,32,692718.21,,,,,0,21647.4440625,11.42951376747186,13.609467455621296,53363242.28,,53363242.28,0.0,False,False,False,False,False,0,0,
2025-01,IT,Cloud Services,80,1382419.62,1428556.97,-46137.34999999986,96.77035281274082,-3.229647187259173,1,17280.24525,7.750421530756113,11.455108359133137,53363242.28,,53363242.28,0.0,False,False,False,False,False,0,0,
2025-01,IT,Cybersecurity,76,1031875.78,938609.27,93266.51,109.93667045287118,9.936670452871194,1,13577.312894736842,-1.962357756349544,4.427480916030543,53363242.28,,53363242.28,0.0,True,False,False,False,False,1,0,high budget utilization
2025-01,IT,Hardware,88,1494396.38,1380684.56,113711.81999999985,108.23590147194808,8.235901471948077,1,16981.777045454543,16.62794470518702,19.18735891647857,53363242.28,,53363242.28,0.0,True,False,False,False,False,1,0,high budget utilization
2025-01,IT,Product Sales,47,1110086.62,,,,,0,23618.864255319157,7.892811937514595,3.6764705882352886,53363242.28,,53363242.28,0.0,False,False,False,False,False,0,0,
2025-01,IT,Service Revenue,40,951131.27,,,,,0,23778.28175,-8.82756132121199,-12.515188335358443,53363242.28,,53363242.28,0.0,False,False,False,False,False,0,0,
2025-01,IT,Software,59,774567.8,779532.36,-4964.55999999994,99.36313612432971,-0.6368638756702724,1,13128.267796610173,-17.62605123725495,-14.216478190630042,53363242.28,,53363242.28,0.0,False,False,False,False,False,0,0,
2025-01,IT,Subscription,44,764019.55,,,,,0,17364.080681818185,-22.279764029316844,-1.6149068322981348,53363242.28,,53363242.28,0.0,False,True,False,False,False,1,0,high spending deviation
2025-01,IT,Transaction Fees,51,914458.53,,,,,0,17930.559411764705,-2.908653729998125,18.29896907216494,53363242.28,,53363242.28,0.0,False,False,False,False,False,0,0,
2025-01,Marketing,Advertising,95,1429909.48,1308522.04,121387.43999999994,109.27668287497852,9.276682874978547,1,15051.678736842105,-4.184681124167365,8.917197452229292,53363242.28,,53363242.28,0.0,True,False,False,False,False,1,0,high budget utilization
2025-01,Marketing,Content,94,907805.88,881787.14,26018.73999999999,102.95068263299916,2.95068263299916,1,9657.509361702128,5.866163191073775,6.081504702194353,53363242.28,,53363242.28,0.0,True,False,False,False,False,1,0,high budget utilization
2025-01,Marketing,Events,86,1343421.2,1251392.9,92028.30000000005,107.35406921359392,7.354069213593912,1,15621.176744186048,9.97815235878518,-1.6518424396442168,53363242.28,,53363242.28,0.0,True,False,False,False,False,1,0,high budget utilization
2025-01,Marketing,Product Sales,54,1193270.18,,,,,0,22097.595925925925,3.511138935234053,-0.409836065573769,53363242.28,,53363242.28,0.0,False,False,False,False,False,0,0,
2025-01,Marketing,Service Revenue,58,1274500.26,,,,,0,21974.142413793103,7.532876721954566,6.748466257668707,53363242.28,,53363242.28,0.0,False,False,False,False,False,0,0,
2025-01,Marketing,Software,96,1175569.41,1231906.88,-56337.46999999997,95.42680774702713,-4.573192252972885,1,12245.5146875,14.762490860591877,4.790782292298359,53363242.28,,53363242.28,0.0,False,False,False,False,False,0,0,
2025-01,Marketing,Subscription,62,1165414.38,,,,,0,18797.006129032256,-4.246755842569399,11.266201395812564,53363242.28,,53363242.28,0.0,False,False,False,False,False,0,0,
2025-01,Marketing,Transaction Fees,49,994649.64,,,,,0,20298.97224489796,-13.3771646545136,-1.3422818791946265,53363242.28,,53363242.28,0.0,False,False,False,False,False,0,0,
2025-01,Operations,Logistics,103,2040499.98,2038770.97,1729.0100000000093,100.08480648515416,0.0848064851541421,1,19810.679417475727,-4.392380595924996,2.148760330578517,53363242.28,,53363242.28,0.0,True,False,False,False,False,1,0,high budget utilization
2025-01,Operations,Maintenance,115,1555838.94,1507336.74,48502.19999999995,103.21774151142895,3.217741511428956,1,13529.034260869565,13.705220644392607,15.83659764969223,53363242.28,,53363242.28,0.0,True,False,False,False,False,1,0,high budget utilization
2025-01,Operations,Product Sales,74,1832393.89,,,,,0,24762.079594594597,37.12140675265546,23.79182156133829,53363242.28,,53363242.28,0.0,False,True,True,False,False,2,1,"high spending deviation, high transaction deviation"
2025-01,Operations,Service Revenue,62,1259244.31,,,,,0,20310.392096774194,0.7705642638131951,9.197651663405086,53363242.28,,53363242.28,0.0,False,False,False,False,False,0,0,
2025-01,Operations,Subscription,63,1750676.9,,,,,0,27788.522222222226,25.77031216774116,3.090909090909085,53363242.28,,53363242.28,0.0,False,True,False,False,False,1,0,high spending deviation
2025-01,Operations,Supplies,93,1169890.57,1189618.97,-19728.399999999907,98.34162025845974,-1.65837974154026,1,12579.468494623656,3.593490482887881,-5.209513023782562,53363242.28,,53363242.28,0.0,False,False,False,False,False,0,0,
2025-01,Operations,Transaction Fees,54,1180454.87,,,,,0,21860.275370370367,-17.631415274426796,-12.43243243243243,53363242.28,,53363242.28,0.0,False,False,False,False,False,0,0,
2025-01,Operations,Utilities,111,1463833.22,1365824.04,98009.17999999992,107.17582771496686,7.175827714966851,1,13187.686666666666,1.0803701275340984,14.236706689536874,53363242.28,,53363242.28,0.0,True,False,False,False,False,1,0,high budget utilization
2025-01,Sales,Client Entertainment,68,609967.48,640325.03,-30357.550000000047,95.25904055320154,-4.740959446798455,1,8970.11,-18.8958035535915,-18.399999999999995,53363242.28,,53363242.28,0.0,False,False,False,False,False,0,0,
2025-01,Sales,Commissions,82,1046261.92,980634.23,65627.69000000006,106.69237193566046,6.692371935660462,1,12759.291707317074,-9.626376244322396,-1.7964071856287425,53363242.28,,53363242.28,0.0,True,False,False,False,False,1,0,high budget utilization
2025-01,Sales,Product Sales,62,1553471.76,,,,,0,25055.996129032257,32.2615332584416,20.12917115177609,53363242.28,,53363242.28,0.0,False,True,True,False,False,2,1,"high spending deviation, high transaction deviation"
2025-01,Sales,Service Revenue,47,1064062.99,,,,,0,22639.638085106384,2.503166128512669,-2.422145328719718,53363242.28,,53363242.28,0.0,False,False,False,False,False,0,0,
2025-01,Sales,Software,90,933473.6,926183.61,7289.989999999991,100.78709987105042,0.7870998710504056,1,10371.928888888888,11.704158878209144,6.438896189224702,53363242.28,,53363242.28,0.0,True,False,False,False,False,1,0,high budget utilization
2025-01,Sales,Subscription,49,913917.54,,,,,0,18651.37836734694,-16.35680098113356,-1.8909899888765265,53363242.28,,53363242.28,0.0,False,False,False,False,False,0,0,
2025-01,Sales,Transaction Fees,60,1518730.69,,,,,0,25312.178166666665,27.980736317951138,16.756756756756765,53363242.28,,53363242.28,0.0,False,True,False,False,False,1,0,high spending deviation
2025-01,Sales,Travel,80,892733.16,813592.98,79140.18000000005,109.72724469672784,9.727244696727846,1,11159.1645,-1.412597404451816,-2.5710419485791647,53363242.28,,53363242.28,0.0,True,False,False,False,False,1,0,high budget utilization
2025-02,Customer Support,Outsourcing,64,650373.0,641797.45,8575.550000000047,101.33617701347988,1.3361770134798832,1,10162.078125,-27.639417544557844,-18.413597733711047,49205537.23,-7.791327648691748,51284389.755,-4.053577579710441,True,True,False,False,False,2,1,"high budget utilization, high spending deviation"
2025-02,Customer Support,Product Sales,38,931341.68,,,,,0,24508.99157894737,-19.52921637991105,-24.50331125827815,49205537.23,-7.791327648691748,51284389.755,-4.053577579710441,False,False,True,False,False,1,0,high transaction deviation
2025-02,Customer Support,Service Revenue,37,792629.72,,,,,0,21422.424864864865,-27.43727886954251,-21.369539551357736,49205537.23,-7.791327648691748,51284389.755,-4.053577579710441,False,True,True,False,False,2,1,"high spending deviation, high transaction deviation"
2025-02,Customer Support,Software,81,749459.24,759303.67,-9844.430000000051,98.7034923721625,-1.2965076278374963,1,9252.583209876542,5.752258180438493,8.08005930318755,49205537.23,-7.791327648691748,51284389.755,-4.053577579710441,False,False,False,False,False,0,0,
2025-02,Customer Support,Subscription,41,1140724.07,,,,,0,27822.53829268293,5.542349481740184,-13.27849588719154,49205537.23,-7.791327648691748,51284389.755,-4.053577579710441,False,False,False,False,False,0,0,
2025-02,Customer Support,Support Tools,64,636058.63,623432.02,12626.609999999986,102.0253387049321,2.025338704932093,1,9938.41609375,-15.718885691183612,-20.16632016632017,49205537.23,-7.791327648691748,51284389.755,-4.053577579710441,True,False,True,False,False,2,1,"high budget utilization, high transaction deviation"
2025-02,Customer Support,Training,72,534474.97,521115.93,13359.03999999998,102.56354473754044,2.5635447375404508,1,7423.263472222222,-2.1795468455649205,-5.608157319737793,49205537.23,-7.791327648691748,51284389.755,-4.053577579710441,True,False,False,False,False,1,0,high budget utilization
2025-02,Customer Support,Transaction Fees,38,1040677.86,,,,,0,27386.25947368421,-2.659030991718553,-20.649651972157766,49205537.23,-7.791327648691748,51284389.755,-4.053577579710441,False,False,True,False,False,1,0,high transaction deviation
2025-02,Finance,Audit,39,330243.61,340168.2,-9924.590000000026,97.0824462721677,-2.9175537278322974,1,8467.784871794871,-8.190008488785258,-24.19006479481641,49205537.23,-7.791327648691748,51284389.755,-4.053577579710441,False,False,True,False,False,1,0,high transaction deviation
2025-02,Finance,Bank Charges,46,218229.72,201347.93,16881.790000000008,108.38438716504312,8.38438716504312,1,4744.124347826087,-6.574209770072567,-10.29252437703142,49205537.23,-7.791327648691748,51284389.755,-4.053577579710441,True,False,False,False,False,1,0,high budget utilization
2025-02,Finance,Product Sales,26,501745.57,,,,,0,19297.90653846154,-27.181747768120218,-16.279069767441865,49205537.23,-7.791327648691748,51284389.755,-4.053577579710441,False,True,False,False,False,1,0,high spending deviation
2025-02,Finance,Professional Services,43,332309.61,307440.85,24868.76000000001,108.08895759948622,8.088957599486214,1,7728.130465116279,-8.24714216343832,-7.194244604316552,49205537.23,-7.791327648691748,51284389.755,-4.053577579710441,True,False,False,False,False,1,0,high budget utilization
2025-02,Finance,Service Revenue,34,766667.63,,,,,0,22549.04794117647,4.837605658928722,7.936507936507936,49205537.23,-7.791327648691748,51284389.755,-4.053577579710441,False,False,False,False,False,0,0,
2025-02,Finance,Software,54,396214.97,368565.26,27649.709999999963,107.50198485880084,7.501984858800843,1,7337.314259259258,18.625243457112177,5.4229934924078105,49205537.23,-7.791327648691748,51284389.755,-4.053577579710441,True,False,False,False,False,1,0,high budget utilization
2025-02,Finance,Subscription,24,737057.54,,,,,0,30710.73083333333,9.51073708449326,-21.88065099457504,49205537.23,-7.791327648691748,51284389.755,-4.053577579710441,False,False,True,False,False,1,0,high transaction deviation
2025-02,Finance,Transaction Fees,37,809371.76,,,,,0,21874.912432432437,15.116181981897949,20.216606498194945,49205537.23,-7.791327648691748,51284389.755,-4.053577579710441,False,False,True,False,False,1,0,high transaction deviation
2025-02,HR,Benefits,42,236691.25,242862.3,-6171.049999999988,97.45903336993844,-2.5409666300615568,1,5635.505952380952,-8.520202960476057,-7.6923076923076925,49205537.23,-7.791327648691748,51284389.755,-4.053577579710441,False,False,False,False,False,0,0,
2025-02,HR,Product Sales,26,557296.9,,,,,0,21434.496153846158,-18.523520830676205,-14.12844036697248,49205537.23,-7.791327648691748,51284389.755,-4.053577579710441,False,False,False,False,False,0,0,
2025-02,HR,Recruitment,34,167060.33,151014.41,16045.919999999984,110.62542309704088,10.62542309704086,1,4913.539117647058,-30.72531432628508,-24.72324723247232,49205537.23,-7.791327648691748,51284389.755,-4.053577579710441,True,True,True,False,False,3,1,"high budget utilization, high spending deviation, high transaction deviation"
2025-02,HR,Service Revenue,34,659197.01,,,,,0,19388.147352941178,-3.618195650001119,11.678832116788326,49205537.23,-7.791327648691748,51284389.755,-4.053577579710441,False,False,False,False,False,0,0,
2025-02,HR,Software,41,219297.29,220541.49,-1244.1999999999823,99.43584311505288,-0.5641568849471283,1,5348.714390243903,-17.26499319154832,-12.662721893491122,49205537.23,-7.791327648691748,51284389.755,-4.053577579710441,False,False,False,False,False,0,0,
2025-02,HR,Subscription,32,922606.0,,,,,0,28831.4375,42.43945032418822,12.500000000000004,49205537.23,-7.791327648691748,51284389.755,-4.053577579710441,False,True,False,False,False,1,0,high spending deviation
2025-02,HR,Training,48,208103.88,199299.25,8804.630000000005,104.41779384518506,4.41779384518507,1,4335.4975,-1.9707164107808872,1.1709601873536333,49205537.23,-7.791327648691748,51284389.755,-4.053577579710441,True,False,False,False,False,1,0,high budget utilization
2025-02,HR,Transaction Fees,21,593645.9,,,,,0,28268.852380952383,-4.5070953352688266,-25.44378698224852,49205537.23,-7.791327648691748,51284389.755,-4.053577579710441,False,False,True,False,False,1,0,high transaction deviation
2025-02,IT,Cloud Services,60,1087776.35,1069705.71,18070.64000000013,101.68930948307268,1.6893094830726978,1,18129.60583333333,-15.21506310530568,-16.40866873065015,49205537.23,-7.791327648691748,51284389.755,-4.053577579710441,True,False,False,False,False,1,0,high budget utilization
2025-02,IT,Cybersecurity,63,912398.84,825955.58,86443.26000000001,110.46584853873134,10.465848538731343,1,14482.521269841269,-13.31376044174458,-13.435114503816786,49205537.23,-7.791327648691748,51284389.755,-4.053577579710441,True,False,False,False,False,1,0,high budget utilization
2025-02,IT,Hardware,61,1081652.02,1110988.78,-29336.76000000001,97.35940087531758,-2.64059912468243,1,17732.000327868853,-15.584075505580484,-17.38148984198645,49205537.23,-7.791327648691748,51284389.755,-4.053577579710441,False,False,False,False,False,0,0,
2025-02,IT,Product Sales,41,1216296.17,,,,,0,29665.76024390244,18.215652333625336,-9.55882352941177,49205537.23,-7.791327648691748,51284389.755,-4.053577579710441,False,False,False,False,False,0,0,
2025-02,IT,Service Revenue,33,841494.56,,,,,0,25499.83515151515,-19.336989971811462,-27.82503037667072,49205537.23,-7.791327648691748,51284389.755,-4.053577579710441,False,False,True,False,False,1,0,high transaction deviation
2025-02,IT,Software,84,1099361.3,1114140.29,-14778.98999999999,98.6735072654091,-1.3264927345909006,1,13087.634523809524,16.91517695151385,22.13247172859452,49205537.23,-7.791327648691748,51284389.755,-4.053577579710441,False,False,True,False,False,1,0,high transaction deviation
2025-02,IT,Subscription,44,907933.6,,,,,0,20634.854545454546,-7.640041884122146,-1.6149068322981348,49205537.23,-7.791327648691748,51284389.755,-4.053577579710441,False,False,False,False,False,0,0,
2025-02,IT,Transaction Fees,55,1157421.05,,,,,0,21044.01909090909,22.88754958165151,27.577319587628857,49205537.23,-7.791327648691748,51284389.755,-4.053577579710441,False,True,True,False,False,2,1,"high spending deviation, high transaction deviation"
2025-02,Marketing,Advertising,74,1204135.38,1176697.23,27438.149999999907,102.33179354046749,2.331793540467492,1,16272.099729729727,-19.31334324437664,-15.159235668789814,49205537.23,-7.791327648691748,51284389.755,-4.053577579710441,True,False,False,False,False,1,0,high budget utilization
2025-02,Marketing,Content,74,723645.6,740116.73,-16471.130000000005,97.77452267563254,-2.225477324367469,1,9778.994594594596,-15.610170775604038,-16.489028213166147,49205537.23,-7.791327648691748,51284389.755,-4.053577579710441,False,False,False,False,False,0,0,
2025-02,Marketing,Events,72,1060007.89,993806.29,66201.59999999986,106.66141889683551,6.661418896835506,1,14722.331805555554,-13.223262199573451,-17.662007623888183,49205537.23,-7.791327648691748,51284389.755,-4.053577579710441,True,False,False,False,False,1,0,high budget utilization
2025-02,Marketing,Product Sales,54,1148792.69,,,,,0,21273.9387037037,-0.3470951210971648,-0.409836065573769,49205537.23,-7.791327648691748,51284389.755,-4.053577579710441,False,False,False,False,False,0,0,
2025-02,Marketing,Service Revenue,43,1029941.58,,,,,0,23952.12976744186,-13.101170373276268,-20.85889570552148,49205537.23,-7.791327648691748,51284389.755,-4.053577579710441,False,False,True,False,False,1,0,high transaction deviation
2025-02,Marketing,Software,78,909364.7,943983.84,-34619.140000000014,96.3326554403728,-3.667344559627209,1,11658.521794871796,-11.22518399598806,-14.857489387507584,49205537.23,-7.791327648691748,51284389.755,-4.053577579710441,False,False,False,False,False,0,0,
2025-02,Marketing,Subscription,45,1199778.64,,,,,0,26661.747555555557,-1.4233057165554848,-19.24227318045862,49205537.23,-7.791327648691748,51284389.755,-4.053577579710441,False,False,False,False,False,0,0,
2025-02,Marketing,Transaction Fees,45,816371.96,,,,,0,18141.59911111111,-28.903152398715985,-9.395973154362412,49205537.23,-7.791327648691748,51284389.755,-4.053577579710441,False,True,False,False,False,1,0,high spending deviation
2025-02,Operations,Logistics,99,2009614.22,1912566.76,97047.45999999996,105.07419986740749,5.074199867407502,1,20299.133535353536,-5.839532772366382,-1.8181818181818137,49205537.23,-7.791327648691748,51284389.755,-4.053577579710441,True,False,False,False,False,1,0,high budget utilization
2025-02,Operations,Maintenance,105,1538040.48,1602891.24,-64850.76000000001,95.95413847292596,-4.04586152707404,1,14648.004571428572,12.404457583769895,5.763850027979861,49205537.23,-7.791327648691748,51284389.755,-4.053577579710441,False,False,False,False,False,0,0,
2025-02,Operations,Product Sales,47,1378935.42,,,,,0,29339.0514893617,3.1882749900807617,-21.375464684014872,49205537.23,-7.791327648691748,51284389.755,-4.053577579710441,False,False,True,False,False,1,0,high transaction deviation
2025-02,Operations,Service Revenue,48,1025360.36,,,,,0,21361.674166666668,-17.94591309215713,-15.459882583170256,49205537.23,-7.791327648691748,51284389.755,-4.053577579710441,False,False,False,False,False,0,0,
2025-02,Operations,Subscription,56,1608644.02,,,,,0,28725.78607142857,15.566533471807425,-8.363636363636369,49205537.23,-7.791327648691748,51284389.755,-4.053577579710441,False,False,False,False,False,0,0,
2025-02,Operations,Supplies,110,1296489.73,1230454.23,66035.5,105.36675793296268,5.366757932962692,1,11786.270272727272,14.803811527360947,12.117780294450732,49205537.23,-7.791327648691748,51284389.755,-4.053577579710441,True,False,False,False,False,1,0,high budget utilization
2025-02,Operations,Transaction Fees,60,1398549.77,,,,,0,23309.16283333333,-2.4134101601224853,-2.702702702702699,49205537.23,-7.791327648691748,51284389.755,-4.053577579710441,False,False,False,False,False,0,0,
2025-02,Operations,Utilities,85,1249981.56,1222293.98,27687.580000000075,102.26521446174512,2.265214461745125,1,14705.665411764709,-13.686479435551762,-12.52144082332762,49205537.23,-7.791327648691748,51284389.755,-4.053577579710441,True,False,False,False,False,1,0,high budget utilization
2025-02,Sales,Client Entertainment,83,869583.2,795186.4,74396.79999999993,109.3558944167053,9.355894416705308,1,10476.906024096384,15.623945524598344,-0.3999999999999943,49205537.23,-7.791327648691748,51284389.755,-4.053577579710441,True,False,False,False,False,1,0,high budget utilization
2025-02,Sales,Commissions,64,1010924.13,1013508.23,-2584.0999999999767,99.74503413751265,-0.2549658624873699,1,15795.68953125,-12.678770751633865,-23.35329341317365,49205537.23,-7.791327648691748,51284389.755,-4.053577579710441,False,False,True,False,False,1,0,high transaction deviation
2025-02,Sales,Product Sales,36,688953.18,,,,,0,19137.588333333333,-41.34299298103809,-30.247578040904205,49205537.23,-7.791327648691748,51284389.755,-4.053577579710441,False,True,True,False,False,2,1,"high spending deviation, high transaction deviation"
2025-02,Sales,Service Revenue,45,904084.23,,,,,0,20090.760666666665,-12.90788525418175,-6.574394463667815,49205537.23,-7.791327648691748,51284389.755,-4.053577579710441,False,False,False,False,False,0,0,
2025-02,Sales,Software,82,885933.63,916040.02,-30106.39000000001,96.71341979141916,-3.286580208580845,1,10804.068658536586,6.015286303831795,-3.022339027595271,49205537.23,-7.791327648691748,51284389.755,-4.053577579710441,False,False,False,False,False,0,0,
2025-02,Sales,Subscription,34,813876.93,,,,,0,23937.556764705885,-25.512678055337428,-31.924360400444936,49205537.23,-7.791327648691748,51284389.755,-4.053577579710441,False,True,True,False,False,2,1,"high spending deviation, high transaction deviation"
2025-02,Sales,Transaction Fees,51,1242113.85,,,,,0,24355.173529411768,4.670726785487644,-0.7567567567567507,49205537.23,-7.791327648691748,51284389.755,-4.053577579710441,False,False,False,False,False,0,0,
2025-02,Sales,Travel,72,756602.05,773582.94,-16980.889999999898,97.80490376377745,-2.195096236222569,1,10508.361805555556,-16.445995007100354,-12.313937753721248,49205537.23,-7.791327648691748,51284389.755,-4.053577579710441,False,False,False,False,False,0,0,
2025-03,Customer Support,Outsourcing,88,1143334.91,1079668.74,63666.169999999925,105.89682442783332,5.896824427833293,1,12992.442159090908,27.20758707578656,12.181303116147312,59577029.34,21.07789629756676,54048602.95,10.228620331064452,True,True,False,True,False,3,1,"high budget utilization, high spending deviation, large period change"
2025-03,Customer Support,Product Sales,47,1303616.33,,,,,0,27736.51765957447,12.636457562002889,-6.622516556291395,59577029.34,21.07789629756676,54048602.95,10.228620331064452,False,False,False,True,False,1,0,large period change
2025-03,Customer Support,Service Revenue,62,1431559.75,,,,,0,23089.673387096773,31.05472618518197,31.75914994096812,59577029.34,21.07789629756676,54048602.95,10.228620331064452,False,True,True,True,False,3,1,"high spending deviation, high transaction deviation, large period change"
2025-03,Customer Support,Software,66,579563.2,576355.49,3207.7099999999627,100.55655061080444,0.5565506108044469,1,8781.260606060605,-18.220879953016382,-11.934766493699032,59577029.34,21.07789629756676,54048602.95,10.228620331064452,True,False,False,True,False,2,1,"high budget utilization, large period change"
2025-03,Customer Support,Subscription,57,1481518.44,,,,,0,25991.55157894737,37.07340896043555,20.564042303172737,59577029.34,21.07789629756676,54048602.95,10.228620331064452,False,True,True,True,False,3,1,"high spending deviation, high transaction deviation, large period change"
2025-03,Customer Support,Support Tools,81,785749.68,794661.59,-8911.909999999916,98.8785276509967,-1.121472349003293,1,9700.613333333336,4.115965847670208,1.0395010395010336,59577029.34,21.07789629756676,54048602.95,10.228620331064452,False,False,False,True,False,1,0,large period change
2025-03,Customer Support,Training,78,605300.8200000001,612629.68,-7328.859999999986,98.8037047111397,-1.196295288860309,1,7760.266923076924,10.783112083155457,2.257829570284058,59577029.34,21.07789629756676,54048602.95,10.228620331064452,False,False,False,True,False,1,0,large period change
2025-03,Customer Support,Transaction Fees,62,1500478.91,,,,,0,24201.27274193548,40.348975115017744,29.46635730858469,59577029.34,21.07789629756676,54048602.95,10.228620331064452,False,True,True,True,False,3,1,"high spending deviation, high transaction deviation, large period change"
2025-03,Finance,Audit,52,369446.02,386777.37,-17331.349999999977,95.5190372177152,-4.4809627822848,1,7104.7311538461545,2.708530711773878,1.07991360691145,59577029.34,21.07789629756676,54048602.95,10.228620331064452,False,False,False,True,False,1,0,large period change
2025-03,Finance,Bank Charges,49,272180.89,249613.8,22567.090000000026,109.04080223128688,9.040802231286902,1,5554.712040816326,16.522693305636622,-4.442036836403035,59577029.34,21.07789629756676,54048602.95,10.228620331064452,True,False,False,True,False,2,1,"high budget utilization, large period change"
2025-03,Finance,Product Sales,25,541601.73,,,,,0,21664.0692,-21.39742980817459,-19.499105545617176,59577029.34,21.07789629756676,54048602.95,10.228620331064452,False,True,False,True,False,2,1,"high spending deviation, large period change"
2025-03,Finance,Professional Services,45,341636.46,308715.6,32920.860000000044,110.6638148509502,10.66381485095021,1,7591.921333333334,-5.671937846858556,-2.877697841726624,59577029.34,21.07789629756676,54048602.95,10.228620331064452,True,False,False,True,False,2,1,"high budget utilization, large period change"
2025-03,Finance,Service Revenue,43,1089571.17,,,,,0,25338.864418604648,48.99289886257176,36.507936507936506,59577029.34,21.07789629756676,54048602.95,10.228620331064452,False,True,True,True,False,3,1,"high spending deviation, high transaction deviation, large period change"
2025-03,Finance,Software,53,351951.98,329463.06,22488.919999999984,106.82593065213442,6.82593065213441,1,6640.603396226415,5.3730738965079405,3.4707158351409992,59577029.34,21.07789629756676,54048602.95,10.228620331064452,True,False,False,True,False,2,1,"high budget utilization, large period change"
2025-03,Finance,Subscription,29,687214.73,,,,,0,23697.05965517241,2.1051784065881987,-5.605786618444844,59577029.34,21.07789629756676,54048602.95,10.228620331064452,False,False,False,True,False,1,0,large period change
2025-03,Finance,Transaction Fees,29,752129.84,,,,,0,25935.51172413793,6.974717693950405,-5.776173285198558,59577029.34,21.07789629756676,54048602.95,10.228620331064452,False,False,False,True,False,1,0,large period change
2025-03,HR,Benefits,43,247459.7,232272.95,15186.75,106.5383205405537,6.538320540553688,1,5754.876744186046,-4.358259414061635,-5.494505494505495,59577029.34,21.07789629756676,54048602.95,10.228620331064452,True,False,False,True,False,2,1,"high budget utilization, large period change"
2025-03,HR,Product Sales,29,690255.61,,,,,0,23801.91758620689,0.9149644106649184,-4.220183486238534,59577029.34,21.07789629756676,54048602.95,10.228620331064452,False,False,False,True,False,1,0,large period change
2025-03,HR,Recruitment,31,183745.24,167054.97,16690.26999999999,109.9908850362249,9.990885036224896,1,5927.265806451613,-23.80660480533404,-31.36531365313653,59577029.34,21.07789629756676,54048602.95,10.228620331064452,True,True,True,True,False,4,1,"high budget utilization, high spending deviation, high transaction deviation, large period change"
2025-03,HR,Service Revenue,42,958289.24,,,,,0,22816.410476190475,40.11235585001989,37.95620437956205,59577029.34,21.07789629756676,54048602.95,10.228620331064452,False,True,True,True,False,3,1,"high spending deviation, high transaction deviation, large period change"
2025-03,HR,Software,47,286101.1,259559.03,26542.069999999974,110.22583186568389,10.225831865683878,1,6087.25744680851,7.938298993140827,0.1183431952662755,59577029.34,21.07789629756676,54048602.95,10.228620331064452,True,False,False,True,False,2,1,"high budget utilization, large period change"
2025-03,HR,Subscription,23,659018.77,,,,,0,28652.99,1.744700719616635,-19.140624999999996,59577029.34,21.07789629756676,54048602.95,10.228620331064452,False,False,False,True,False,1,0,large period change
2025-03,HR,Training,44,227487.57,227182.48,305.0899999999965,100.13429292610944,0.1342929261094414,1,5170.172045454546,7.160152480349402,-7.259953161592502,59577029.34,21.07789629756676,54048602.95,10.228620331064452,True,False,False,True,False,2,1,"high budget utilization, large period change"
2025-03,HR,Transaction Fees,27,648340.78,,,,,0,24012.62148148148,4.291033248604005,-4.14201183431953,59577029.34,21.07789629756676,54048602.95,10.228620331064452,False,False,False,True,False,1,0,large period change
2025-03,IT,Cloud Services,71,1369104.69,1371115.49,-2010.8000000000463,99.85334568716746,-0.1466543128325423,1,19283.164647887323,6.712611231049481,-1.0835913312693413,59577029.34,21.07789629756676,54048602.95,10.228620331064452,False,False,False,True,False,1,0,large period change
2025-03,IT,Cybersecurity,71,1135181.04,1022731.45,112449.59000000008,110.9950261136489,10.995026113648905,1,15988.465352112677,7.852587334974621,-2.442748091603045,59577029.34,21.07789629756676,54048602.95,10.228620331064452,True,False,False,True,False,2,1,"high budget utilization, large period change"
2025-03,IT,Hardware,72,1269231.07,1150070.76,119160.31000000006,110.36112856221123,10.361128562211256,1,17628.209305555556,-0.9447473032118991,-2.4830699774266303,59577029.34,21.07789629756676,54048602.95,10.228620331064452,True,False,False,True,False,2,1,"high budget utilization, large period change"
2025-03,IT,Product Sales,49,1378146.18,,,,,0,28125.43224489796,33.94636413250717,8.088235294117641,59577029.34,21.07789629756676,54048602.95,10.228620331064452,False,True,False,True,False,2,1,"high spending deviation, large period change"
2025-03,IT,Service Revenue,49,1220472.89,,,,,0,24907.61,16.990675453923593,7.168894289185906,59577029.34,21.07789629756676,54048602.95,10.228620331064452,False,False,False,True,False,1,0,large period change
2025-03,IT,Software,74,1093773.35,1048678.64,45094.7100000002,104.30014575294489,4.300145752944887,1,14780.720945945946,16.320908112828874,7.592891760904695,59577029.34,21.07789629756676,54048602.95,10.228620331064452,True,False,False,True,False,2,1,"high budget utilization, large period change"
2025-03,IT,Subscription,51,1218507.84,,,,,0,23892.310588235297,23.953263835889324,14.037267080745345,59577029.34,21.07789629756676,54048602.95,10.228620331064452,False,True,False,True,False,2,1,"high spending deviation, large period change"
2025-03,IT,Transaction Fees,39,1048619.57,,,,,0,26887.68128205128,11.335705705944338,-9.536082474226813,59577029.34,21.07789629756676,54048602.95,10.228620331064452,False,False,False,True,False,1,0,large period change
2025-03,Marketing,Advertising,85,1554516.18,1517475.53,37040.64999999991,102.44093886640796,2.440938866407942,1,18288.425647058823,4.164959787763096,-2.5477707006369497,59577029.34,21.07789629756676,54048602.95,10.228620331064452,True,False,False,True,False,2,1,"high budget utilization, large period change"
2025-03,Marketing,Content,89,887882.28,872116.41,15765.869999999995,101.8077712813591,1.8077712813591011,1,9976.205393258428,3.542720332393817,0.4388714733542284,59577029.34,21.07789629756676,54048602.95,10.228620331064452,True,False,False,True,False,2,1,"high budget utilization, large period change"
2025-03,Marketing,Events,82,1331436.18,1270943.37,60492.80999999982,104.75967784465485,4.759677844654858,1,16237.026585365851,8.997007833462005,-6.226175349428207,59577029.34,21.07789629756676,54048602.95,10.228620331064452,True,False,False,True,False,2,1,"high budget utilization, large period change"
2025-03,Marketing,Product Sales,63,1486708.76,,,,,0,23598.551746031742,28.96569410004828,16.188524590163937,59577029.34,21.07789629756676,54048602.95,10.228620331064452,False,True,False,True,False,2,1,"high spending deviation, large period change"
2025-03,Marketing,Service Revenue,64,1538690.5,,,,,0,24042.0390625,29.823289208071746,17.79141104294478,59577029.34,21.07789629756676,54048602.95,10.228620331064452,False,True,False,True,False,2,1,"high spending deviation, large period change"
2025-03,Marketing,Software,79,1054838.45,1104184.37,-49345.92000000016,95.5310071994589,-4.468992800541105,1,13352.385443037974,2.976384846153748,-13.765918738629477,59577029.34,21.07789629756676,54048602.95,10.228620331064452,False,False,False,True,False,1,0,large period change
2025-03,Marketing,Subscription,55,1179927.31,,,,,0,21453.223818181817,-3.0543386615408656,-1.2961116650049838,59577029.34,21.07789629756676,54048602.95,10.228620331064452,False,False,False,True,False,1,0,large period change
2025-03,Marketing,Transaction Fees,59,1388478.43,,,,,0,23533.532711864405,20.92090881634407,18.79194630872484,59577029.34,21.07789629756676,54048602.95,10.228620331064452,False,True,False,True,False,2,1,"high spending deviation, large period change"
2025-03,Operations,Logistics,117,2589766.06,2666588.11,-76822.04999999981,97.1190882569412,-2.880911743058804,1,22134.75264957265,21.343479655447425,16.033057851239676,59577029.34,21.07789629756676,54048602.95,10.228620331064452,False,True,False,True,False,2,1,"high spending deviation, large period change"
2025-03,Operations,Maintenance,105,1609779.55,1520763.24,89016.31000000006,105.85339700872834,5.853397008728332,1,15331.23380952381,17.647356815468992,5.763850027979861,59577029.34,21.07789629756676,54048602.95,10.228620331064452,True,False,False,True,False,2,1,"high budget utilization, large period change"
2025-03,Operations,Product Sales,66,1265310.23,,,,,0,19171.367121212123,-5.3145070702423896,10.4089219330855,59577029.34,21.07789629756676,54048602.95,10.228620331064452,False,False,False,True,False,1,0,large period change
2025-03,Operations,Service Revenue,65,1445789.54,,,,,0,22242.916,15.698777906345208,14.481409001956946,59577029.34,21.07789629756676,54048602.95,10.228620331064452,False,False,False,True,False,1,0,large period change
2025-03,Operations,Subscription,69,1631004.39,,,,,0,23637.744782608694,17.172923957159796,12.909090909090905,59577029.34,21.07789629756676,54048602.95,10.228620331064452,False,False,False,True,False,1,0,large period change
2025-03,Operations,Supplies,108,1213324.32,1135856.74,77467.58000000007,106.82018931366292,6.820189313662925,1,11234.484444444444,7.439537183872172,10.079275198187991,59577029.34,21.07789629756676,54048602.95,10.228620331064452,True,False,False,True,False,2,1,"high budget utilization, large period change"
2025-03,Operations,Transaction Fees,74,1904455.77,,,,,0,25735.888783783783,32.887186485453505,20.000000000000004,59577029.34,21.07789629756676,54048602.95,10.228620331064452,False,True,True,True,False,3,1,"high spending deviation, high transaction deviation, large period change"
2025-03,Operations,Utilities,85,1304141.01,1273305.14,30835.87000000011,102.42171880339696,2.42171880339697,1,15342.835411764709,-9.946670024815974,-12.52144082332762,59577029.34,21.07789629756676,54048602.95,10.228620331064452,True,False,False,True,False,2,1,"high budget utilization, large period change"
2025-03,Sales,Client Entertainment,100,931927.71,946111.31,-14183.600000000091,98.5008529281824,-1.4991470718175954,1,9319.2771,23.91357005736045,20.000000000000007,59577029.34,21.07789629756676,54048602.95,10.228620331064452,False,True,True,True,False,3,1,"high spending deviation, high transaction deviation, large period change"
2025-03,Sales,Commissions,91,1339284.92,1318332.73,20952.189999999944,101.58929453264808,1.5892945326480623,1,14717.416703296702,15.684255680195996,8.982035928143713,59577029.34,21.07789629756676,54048602.95,10.228620331064452,True,False,False,True,False,2,1,"high budget utilization, large period change"
2025-03,Sales,Product Sales,68,1677749.95,,,,,0,24672.793382352946,42.84249416370061,31.7545748116254,59577029.34,21.07789629756676,54048602.95,10.228620331064452,False,True,True,True,False,3,1,"high spending deviation, high transaction deviation, large period change"
2025-03,Sales,Service Revenue,48,1100034.98,,,,,0,22917.395416666663,5.968414804197927,-0.3460207612456698,59577029.34,21.07789629756676,54048602.95,10.228620331064452,False,False,False,True,False,1,0,large period change
2025-03,Sales,Software,73,747208.85,774576.86,-27368.01000000001,96.4667147428081,-3.5332852571919084,1,10235.737671232877,-10.585220518712104,-13.66622864651774,59577029.34,21.07789629756676,54048602.95,10.228620331064452,False,False,False,True,False,1,0,large period change
2025-03,Sales,Subscription,37,1110343.21,,,,,0,30009.275945945945,1.620391368434626,-25.917686318131256,59577029.34,21.07789629756676,54048602.95,10.228620331064452,False,False,True,True,False,2,1,"high transaction deviation, large period change"
2025-03,Sales,Transaction Fees,62,1436090.62,,,,,0,23162.751935483877,21.0168044782864,20.648648648648656,59577029.34,21.07789629756676,54048602.95,10.228620331064452,False,True,True,True,False,3,1,"high spending deviation, high transaction deviation, large period change"
2025-03,Sales,Travel,82,977750.64,902638.36,75112.28000000003,108.3214145696179,8.321414569617895,1,11923.788292682926,7.976157157346879,-0.1353179972936439,59577029.34,21.07789629756676,54048602.95,10.228620331064452,True,False,False,True,False,2,1,"high budget utilization, large period change"
2025-04,Customer Support,Outsourcing,72,939187.05,918795.5,20391.550000000047,102.2193785232949,2.219378523294906,1,13044.264583333334,4.494070283681025,-8.215297450424927,54481805.98,-8.552328668356523,54421457.51666666,0.1108909354639329,True,False,False,False,False,1,0,high budget utilization
2025-04,Customer Support,Product Sales,49,1184310.46,,,,,0,24169.601224489797,2.3280637087647618,-2.649006622516561,54481805.98,-8.552328668356523,54421457.51666666,0.1108909354639329,False,False,False,False,False,0,0,
2025-04,Customer Support,Service Revenue,49,1035399.06,,,,,0,21130.59306122449,-5.212520608591572,4.132231404958675,54481805.98,-8.552328668356523,54421457.51666666,0.1108909354639329,False,False,False,False,False,0,0,
2025-04,Customer Support,Software,78,807213.26,788054.17,19159.089999999967,102.43118947013502,2.4311894701350245,1,10348.88794871795,13.90162469435086,4.077094143810232,54481805.98,-8.552328668356523,54421457.51666666,0.1108909354639329,True,False,False,False,False,1,0,high budget utilization
2025-04,Customer Support,Subscription,43,1061445.4,,,,,0,24684.776744186045,-1.7926908804637696,-9.048178613396006,54481805.98,-8.552328668356523,54421457.51666666,0.1108909354639329,False,False,False,False,False,0,0,
2025-04,Customer Support,Support Tools,81,830510.87,827516.66,2994.2099999999627,100.36183078175128,0.3618307817512656,1,10253.22061728395,10.047058978170842,1.0395010395010336,54481805.98,-8.552328668356523,54421457.51666666,0.1108909354639329,True,False,False,False,False,1,0,high budget utilization
2025-04,Customer Support,Training,77,537138.91,511906.15,25232.76000000001,104.9291769594876,4.929176959487595,1,6975.830000000001,-1.6919883393616613,0.9468317552804162,54481805.98,-8.552328668356523,54421457.51666666,0.1108909354639329,True,False,False,False,False,1,0,high budget utilization
2025-04,Customer Support,Transaction Fees,45,1080080.95,,,,,0,24001.798888888887,1.0265811558489195,-6.032482598607882,54481805.98,-8.552328668356523,54421457.51666666,0.1108909354639329,False,False,False,False,False,0,0,
2025-04,Finance,Audit,53,393616.6,393415.62,200.97999999998137,100.05108592282126,0.0510859228212599,1,7426.728301886792,9.42811794200411,3.023758099352055,54481805.98,-8.552328668356523,54421457.51666666,0.1108909354639329,True,False,False,False,False,1,0,high budget utilization
2025-04,Finance,Bank Charges,39,182343.9,180503.28,1840.6199999999956,101.01971554201118,1.0197155420112007,1,4675.484615384616,-21.93720016179801,-23.943661971830988,54481805.98,-8.552328668356523,54421457.51666666,0.1108909354639329,True,True,True,False,False,3,1,"high budget utilization, high spending deviation, high transaction deviation"
2025-04,Finance,Product Sales,25,572622.3,,,,,0,22904.892000000003,-16.895419574906985,-19.499105545617176,54481805.98,-8.552328668356523,54421457.51666666,0.1108909354639329,False,False,False,False,False,0,0,
2025-04,Finance,Professional Services,60,574462.31,600234.03,-25771.71999999997,95.70638805667184,-4.293611943328167,1,9574.371833333336,58.61280286746096,29.49640287769784,54481805.98,-8.552328668356523,54421457.51666666,0.1108909354639329,False,True,True,False,False,2,1,"high spending deviation, high transaction deviation"
2025-04,Finance,Service Revenue,23,599512.8200000001,,,,,0,26065.7747826087,-18.01990047416985,-26.984126984126984,54481805.98,-8.552328668356523,54421457.51666666,0.1108909354639329,False,False,True,False,False,1,0,high transaction deviation
2025-04,Finance,Software,56,372005.19,357593.95,14411.23999999999,104.03005699621038,4.030056996210364,1,6642.949821428571,11.376928113188848,9.327548806941437,54481805.98,-8.552328668356523,54421457.51666666,0.1108909354639329,True,False,False,False,False,1,0,high budget utilization
2025-04,Finance,Subscription,25,546042.88,,,,,0,21841.7152,-18.869891394721368,-18.625678119349004,54481805.98,-8.552328668356523,54421457.51666666,0.1108909354639329,False,False,False,False,False,0,0,
2025-04,Finance,Transaction Fees,26,654763.94,,,,,0,25183.22846153846,-6.8735424223048,-15.52346570397112,54481805.98,-8.552328668356523,54421457.51666666,0.1108909354639329,False,False,False,False,False,0,0,
2025-04,HR,Benefits,47,295597.63,286475.73,9121.900000000023,103.1841789878675,3.184178987867497,1,6289.311276595745,14.246771681523056,3.296703296703297,54481805.98,-8.552328668356523,54421457.51666666,0.1108909354639329,True,False,False,False,False,1,0,high budget utilization
2025-04,HR,Product Sales,28,710645.36,,,,,0,25380.191428571427,3.895933874415246,-7.522935779816516,54481805.98,-8.552328668356523,54421457.51666666,0.1108909354639329,False,False,False,False,False,0,0,
2025-04,HR,Recruitment,46,256449.62,249641.48,6808.139999999985,102.72716697561638,2.727166975616386,1,5574.991739130434,6.341624110545192,1.845018450184507,54481805.98,-8.552328668356523,54421457.51666666,0.1108909354639329,True,False,False,False,False,1,0,high budget utilization
2025-04,HR,Service Revenue,44,1036565.17,,,,,0,23558.29931818182,51.55715195213541,44.52554744525549,54481805.98,-8.552328668356523,54421457.51666666,0.1108909354639329,False,True,True,False,False,2,1,"high spending deviation, high transaction deviation"
2025-04,HR,Software,46,281635.65,286147.31,-4511.659999999974,98.4233086098206,-1.576691390179406,1,6122.514130434784,6.253604047057376,-2.011834319526624,54481805.98,-8.552328668356523,54421457.51666666,0.1108909354639329,False,False,False,False,False,0,0,
2025-04,HR,Subscription,27,851246.29,,,,,0,31527.640370370373,31.42235541293307,-5.078124999999995,54481805.98,-8.552328668356523,54421457.51666666,0.1108909354639329,False,True,False,False,False,1,0,high spending deviation
2025-04,HR,Training,40,201403.31,204022.56,-2619.25,98.71619589519904,-1.2838041048009592,1,5035.08275,-5.1270827252360265,-15.69086651053864,54481805.98,-8.552328668356523,54421457.51666666,0.1108909354639329,False,False,False,False,False,0,0,
2025-04,HR,Transaction Fees,27,773106.8,,,,,0,28633.585185185188,24.36069035102473,-4.14201183431953,54481805.98,-8.552328668356523,54421457.51666666,0.1108909354639329,False,True,False,False,False,1,0,high spending deviation
2025-04,IT,Cloud Services,78,1428439.24,1445585.11,-17145.87000000011,98.81391487215858,-1.1860851278414253,1,18313.323589743588,11.337345053792628,8.668730650154808,54481805.98,-8.552328668356523,54421457.51666666,0.1108909354639329,False,False,False,False,False,0,0,
2025-04,IT,Cybersecurity,78,1198005.28,1131104.74,66900.54000000004,105.91461936584228,5.914619365842285,1,15359.042051282053,13.821465066894284,7.175572519083978,54481805.98,-8.552328668356523,54421457.51666666,0.1108909354639329,True,False,False,False,False,1,0,high budget utilization
2025-04,IT,Hardware,73,1324227.78,1204863.02,119364.76,109.90691539358556,9.906915393585573,1,18140.106575342463,3.3473891999876084,-1.1286681715575555,54481805.98,-8.552328668356523,54421457.51666666,0.1108909354639329,True,False,False,False,False,1,0,high budget utilization
2025-04,IT,Product Sales,40,870069.69,,,,,0,21751.74225,-15.435188800220288,-11.764705882352946,54481805.98,-8.552328668356523,54421457.51666666,0.1108909354639329,False,False,False,False,False,0,0,
2025-04,IT,Service Revenue,41,915177.44,,,,,0,22321.400975609755,-12.27398187780096,-10.328068043742404,54481805.98,-8.552328668356523,54421457.51666666,0.1108909354639329,False,False,False,False,False,0,0,
2025-04,IT,Software,73,969390.45,990199.84,-20809.39000000001,97.8984656268981,-2.1015343731019,1,13279.321232876711,3.093001360751583,6.138933764135713,54481805.98,-8.552328668356523,54421457.51666666,0.1108909354639329,False,False,False,False,False,0,0,
2025-04,IT,Subscription,44,1203956.36,,,,,0,27362.644545454543,22.47300791924076,-1.6149068322981348,54481805.98,-8.552328668356523,54421457.51666666,0.1108909354639329,False,True,False,False,False,1,0,high spending deviation
2025-04,IT,Transaction Fees,40,1013531.42,,,,,0,25338.2855,7.6102708066452225,-7.216494845360831,54481805.98,-8.552328668356523,54421457.51666666,0.1108909354639329,False,False,False,False,False,0,0,
2025-04,Marketing,Advertising,80,1462433.14,1411568.43,50864.7100000002,103.60341793702486,3.6034179370248594,1,18280.41425,-2.005336978614055,-8.28025477707007,54481805.98,-8.552328668356523,54421457.51666666,0.1108909354639329,True,False,False,False,False,1,0,high budget utilization
2025-04,Marketing,Content,98,1016458.79,974079.88,42378.91000000003,104.35066064602422,4.350660646024228,1,10372.028469387757,18.537007205925335,10.595611285266454,54481805.98,-8.552328668356523,54421457.51666666,0.1108909354639329,True,False,False,False,False,1,0,high budget utilization
2025-04,Marketing,Events,87,1344745.73,1341754.5,2991.2299999999814,100.22293422529978,0.2229342252997833,1,15456.847471264367,10.086583997457984,-0.5082592121982193,54481805.98,-8.552328668356523,54421457.51666666,0.1108909354639329,True,False,False,False,False,1,0,high budget utilization
2025-04,Marketing,Product Sales,58,1365224.55,,,,,0,23538.35431034483,18.42745292842431,6.9672131147541005,54481805.98,-8.552328668356523,54421457.51666666,0.1108909354639329,False,False,False,False,False,0,0,
2025-04,Marketing,Service Revenue,53,1186812.27,,,,,0,22392.684339622643,0.1344146622716722,-2.4539877300613537,54481805.98,-8.552328668356523,54421457.51666666,0.1108909354639329,False,False,False,False,False,0,0,
2025-04,Marketing,Software,97,1063811.68,1084757.16,-20945.47999999998,98.06910885013195,-1.930891149868048,1,10967.130721649484,3.852377549864018,5.882352941176468,54481805.98,-8.552328668356523,54421457.51666666,0.1108909354639329,False,False,False,False,False,0,0,
2025-04,Marketing,Subscription,53,1276791.05,,,,,0,24090.39716981132,4.904218831307194,-4.885343968095712,54481805.98,-8.552328668356523,54421457.51666666,0.1108909354639329,False,False,False,False,False,0,0,
2025-04,Marketing,Transaction Fees,42,906376.64,,,,,0,21580.39619047619,-21.064753567180496,-15.436241610738252,54481805.98,-8.552328668356523,54421457.51666666,0.1108909354639329,False,True,False,False,False,1,0,high spending deviation
2025-04,Operations,Logistics,110,2475721.27,2506899.91,-31178.64000000013,98.75628700309778,-1.243712996902223,1,22506.557,15.999911420108525,9.090909090909095,54481805.98,-8.552328668356523,54421457.51666666,0.1108909354639329,False,False,False,False,False,0,0,
2025-04,Operations,Maintenance,89,1234097.74,1188535.3,45562.43999999994,103.8334948907281,3.833494890728104,1,13866.266741573034,-9.808559089383468,-10.352546166759929,54481805.98,-8.552328668356523,54421457.51666666,0.1108909354639329,True,False,False,False,False,1,0,high budget utilization
2025-04,Operations,Product Sales,58,1540425.48,,,,,0,26559.06,15.272873353247508,-2.9739776951672874,54481805.98,-8.552328668356523,54421457.51666666,0.1108909354639329,False,False,False,False,False,0,0,
2025-04,Operations,Service Revenue,48,1048375.29,,,,,0,21841.151875,-16.10415175627135,-15.459882583170256,54481805.98,-8.552328668356523,54421457.51666666,0.1108909354639329,False,False,False,False,False,0,0,
2025-04,Operations,Subscription,66,1585555.51,,,,,0,24023.568333333333,13.907832708583776,7.999999999999995,54481805.98,-8.552328668356523,54421457.51666666,0.1108909354639329,False,False,False,False,False,0,0,
2025-04,Operations,Supplies,95,1355676.86,1417442.61,-61765.75,95.64245144288417,-4.357548557115833,1,14270.282736842106,20.04481572518473,-3.171007927519822,54481805.98,-8.552328668356523,54421457.51666666,0.1108909354639329,False,True,False,False,False,1,0,high spending deviation
2025-04,Operations,Transaction Fees,52,1236018.77,,,,,0,23769.591730769236,-13.75433371786268,-15.675675675675674,54481805.98,-8.552328668356523,54421457.51666666,0.1108909354639329,False,False,False,False,False,0,0,
2025-04,Operations,Utilities,87,1494907.13,1423468.59,71438.5399999998,105.0186242606168,5.018624260616794,1,17182.84057471264,3.2260806368977777,-10.463121783876506,54481805.98,-8.552328668356523,54421457.51666666,0.1108909354639329,True,False,False,False,False,1,0,high budget utilization
2025-04,Sales,Client Entertainment,72,685593.3,711222.44,-25629.139999999898,96.39646634321608,-3.6035336567839313,1,9522.129166666668,-8.840232457078727,-13.599999999999996,54481805.98,-8.552328668356523,54421457.51666666,0.1108909354639329,False,False,False,False,False,0,0,
2025-04,Sales,Commissions,74,1095493.84,1128751.56,-33257.71999999997,97.05358369560084,-2.946416304399169,1,14803.970810810812,-5.373839733340879,-11.377245508982035,54481805.98,-8.552328668356523,54421457.51666666,0.1108909354639329,False,False,False,False,False,0,0,
2025-04,Sales,Product Sales,55,1420495.31,,,,,0,25827.187454545456,20.94000838935451,6.566200215285247,54481805.98,-8.552328668356523,54421457.51666666,0.1108909354639329,False,True,False,False,False,1,0,high spending deviation
2025-04,Sales,Service Revenue,43,1032925.6,,,,,0,24021.525581395348,-0.4963565407028918,-10.726643598615912,54481805.98,-8.552328668356523,54421457.51666666,0.1108909354639329,False,False,False,False,False,0,0,
2025-04,Sales,Software,83,869803.92,872504.33,-2700.409999999916,99.69049895717995,-0.30950104282003,1,10479.56530120482,4.08512385628166,-1.8396846254927743,54481805.98,-8.552328668356523,54421457.51666666,0.1108909354639329,False,False,False,False,False,0,0,
2025-04,Sales,Subscription,56,1249412.67,,,,,0,22310.94053571429,14.348251389839051,12.1245828698554,54481805.98,-8.552328668356523,54421457.51666666,0.1108909354639329,False,False,False,False,False,0,0,
2025-04,Sales,Transaction Fees,40,935415.21,,,,,0,23385.38025,-21.17422257476677,-22.16216216216216,54481805.98,-8.552328668356523,54421457.51666666,0.1108909354639329,False,True,True,False,False,2,1,"high spending deviation, high transaction deviation"
2025-04,Sales,Travel,81,899130.84,813389.71,85741.13,110.54121154298842,10.541211542988416,1,11100.38074074074,-0.7060809647158033,-1.3531799729364045,54481805.98,-8.552328668356523,54421457.51666666,0.1108909354639329,True,False,False,False,False,1,0,high budget utilization
2025-05,Customer Support,Outsourcing,74,1038224.84,1063229.38,-25004.53999999992,97.6482459504646,-2.351754049535381,1,14030.065405405405,15.513027358313211,-5.665722379603397,58516281.48,7.405179449229404,57525038.93333334,1.7231497188822869,False,False,False,False,False,0,0,
2025-05,Customer Support,Product Sales,71,1527752.41,,,,,0,21517.639577464783,32.0025037537023,41.05960264900661,58516281.48,7.405179449229404,57525038.93333334,1.7231497188822869,False,True,True,False,False,2,1,"high spending deviation, high transaction deviation"
2025-05,Customer Support,Service Revenue,56,1135192.21,,,,,0,20271.289464285717,3.9232237767942144,19.008264462809912,58516281.48,7.405179449229404,57525038.93333334,1.7231497188822869,False,False,False,False,False,0,0,
2025-05,Customer Support,Software,80,754633.88,754699.3,-65.42000000004191,99.99133164692216,-0.0086683530778472,1,9432.9235,6.482424460423013,6.74573758339511,58516281.48,7.405179449229404,57525038.93333334,1.7231497188822869,False,False,False,False,False,0,0,
2025-05,Customer Support,Subscription,45,1034427.17,,,,,0,22987.270444444446,-4.292478119141062,-4.817861339600472,58516281.48,7.405179449229404,57525038.93333334,1.7231497188822869,False,False,False,False,False,0,0,
2025-05,Customer Support,Support Tools,82,911596.44,939016.51,-27420.070000000065,97.07991609221013,-2.9200839077898717,1,11117.02975609756,20.79132353435732,2.2869022869022806,58516281.48,7.405179449229404,57525038.93333334,1.7231497188822869,False,True,False,False,False,1,0,high spending deviation
2025-05,Customer Support,Training,70,548502.24,505862.9,42639.33999999997,108.42903086982658,8.42903086982658,1,7835.746285714285,0.387746264381116,-8.230152949745076,58516281.48,7.405179449229404,57525038.93333334,1.7231497188822869,True,False,False,False,False,1,0,high budget utilization
2025-05,Customer Support,Transaction Fees,54,1058840.47,,,,,0,19608.15685185185,-0.9601709264919308,12.76102088167054,58516281.48,7.405179449229404,57525038.93333334,1.7231497188822869,False,False,False,False,False,0,0,
2025-05,Finance,Audit,46,370131.49,357746.93,12384.559999999998,103.46182146133305,3.4618214613330154,1,8046.336739130435,2.8990960792042726,-10.583153347732178,58516281.48,7.405179449229404,57525038.93333334,1.7231497188822869,True,False,False,False,False,1,0,high budget utilization
2025-05,Finance,Bank Charges,45,220954.02,227103.5,-6149.4800000000105,97.29221258148816,-2.7077874185118285,1,4910.089333333333,-5.407916378304524,-12.242686890574216,58516281.48,7.405179449229404,57525038.93333334,1.7231497188822869,False,False,False,False,False,0,0,
2025-05,Finance,Product Sales,30,717820.3200000001,,,,,0,23927.344,4.177145239027549,-3.398926654740613,58516281.48,7.405179449229404,57525038.93333334,1.7231497188822869,False,False,False,False,False,0,0,
2025-05,Finance,Professional Services,37,332046.23,322985.98,9060.25,102.80515271901275,2.805152719012757,1,8974.222432432432,-8.319863104903103,-20.143884892086337,58516281.48,7.405179449229404,57525038.93333334,1.7231497188822869,True,False,True,False,False,2,1,"high budget utilization, high transaction deviation"
2025-05,Finance,Service Revenue,29,753896.4400000001,,,,,0,25996.428965517243,3.09121526937328,-7.936507936507936,58516281.48,7.405179449229404,57525038.93333334,1.7231497188822869,False,False,False,False,False,0,0,
2025-05,Finance,Software,47,318077.86,324466.23,-6388.369999999995,98.03111405461208,-1.9688859453879053,1,6767.614042553191,-4.768707803197733,-8.242950108459867,58516281.48,7.405179449229404,57525038.93333334,1.7231497188822869,False,False,False,False,False,0,0,
2025-05,Finance,Subscription,22,473366.66,,,,,0,21516.666363636363,-29.667998718492576,-28.390596745027125,58516281.48,7.405179449229404,57525038.93333334,1.7231497188822869,False,True,True,False,False,2,1,"high spending deviation, high transaction deviation"
2025-05,Finance,Transaction Fees,37,1019055.53,,,,,0,27542.041351351352,44.93930680400742,20.216606498194945,58516281.48,7.405179449229404,57525038.93333334,1.7231497188822869,False,True,True,False,False,2,1,"high spending deviation, high transaction deviation"
2025-05,HR,Benefits,47,284547.36,259862.42,24684.939999999973,109.49923424864588,9.499234248645868,1,6054.19914893617,9.975906337612193,3.296703296703297,58516281.48,7.405179449229404,57525038.93333334,1.7231497188822869,True,False,False,False,False,1,0,high budget utilization
2025-05,HR,Product Sales,37,848141.61,,,,,0,22922.746216216216,23.99780479633341,22.20183486238532,58516281.48,7.405179449229404,57525038.93333334,1.7231497188822869,False,True,True,False,False,2,1,"high spending deviation, high transaction deviation"
2025-05,HR,Recruitment,42,209873.64,207793.59,2080.050000000017,101.00101740385736,1.0010174038573652,1,4996.9914285714285,-12.97197579941088,-7.011070110701103,58516281.48,7.405179449229404,57525038.93333334,1.7231497188822869,True,False,False,False,False,1,0,high budget utilization
2025-05,HR,Service Revenue,31,752437.66,,,,,0,24272.182580645163,10.014606000247152,1.8248175182481805,58516281.48,7.405179449229404,57525038.93333334,1.7231497188822869,False,False,False,False,False,0,0,
2025-05,HR,Software,39,219084.37,218346.96,737.4100000000035,100.33772396006798,0.3377239600679595,1,5617.547948717948,-17.345322217272518,-16.92307692307692,58516281.48,7.405179449229404,57525038.93333334,1.7231497188822869,True,False,False,False,False,1,0,high budget utilization
2025-05,HR,Subscription,31,802623.9500000001,,,,,0,25891.095161290326,23.915641406005097,8.984375000000005,58516281.48,7.405179449229404,57525038.93333334,1.7231497188822869,False,True,False,False,False,1,0,high spending deviation
2025-05,HR,Training,51,218965.45,199983.18,18982.27000000002,109.49193327158817,9.49193327158815,1,4293.440196078432,3.1457279618764384,7.494145199063236,58516281.48,7.405179449229404,57525038.93333334,1.7231497188822869,True,False,False,False,False,1,0,high budget utilization
2025-05,HR,Transaction Fees,34,841392.88,,,,,0,24746.849411764702,35.34507704916954,20.710059171597628,58516281.48,7.405179449229404,57525038.93333334,1.7231497188822869,False,True,True,False,False,2,1,"high spending deviation, high transaction deviation"
2025-05,IT,Cloud Services,78,1530324.93,1421960.59,108364.33999999984,107.6207695742116,7.620769574211607,1,19619.550384615384,19.27865743581158,8.668730650154808,58516281.48,7.405179449229404,57525038.93333334,1.7231497188822869,True,False,False,False,False,1,0,high budget utilization
2025-05,IT,Cybersecurity,86,1505509.37,1429966.09,75543.28000000003,105.28287212740828,5.2828721274082815,1,17505.922906976746,43.037167720443634,18.16793893129772,58516281.48,7.405179449229404,57525038.93333334,1.7231497188822869,True,True,False,False,False,2,1,"high budget utilization, high spending deviation"
2025-05,IT,Hardware,101,1951132.7,1852854.38,98278.32000000008,105.30415779355526,5.304157793555264,1,19318.145544554456,52.27325205919079,36.79458239277653,58516281.48,7.405179449229404,57525038.93333334,1.7231497188822869,True,True,True,False,False,3,1,"high budget utilization, high spending deviation, high transaction deviation"
2025-05,IT,Product Sales,45,967696.97,,,,,0,21504.37711111111,-5.946486233017844,-0.735294117647064,58516281.48,7.405179449229404,57525038.93333334,1.7231497188822869,False,False,False,False,False,0,0,
2025-05,IT,Service Revenue,57,1472781.93,,,,,0,25838.279473684208,41.176222920472426,24.66585662211422,58516281.48,7.405179449229404,57525038.93333334,1.7231497188822869,False,True,True,False,False,2,1,"high spending deviation, high transaction deviation"
2025-05,IT,Software,66,963372.26,1004250.83,-40878.56999999995,95.92944623207332,-4.07055376792668,1,14596.549393939396,2.4529772405848784,-4.038772213247164,58516281.48,7.405179449229404,57525038.93333334,1.7231497188822869,False,False,False,False,False,0,0,
2025-05,IT,Subscription,46,1077367.22,,,,,0,23421.02652173913,9.595670117968716,2.857142857142859,58516281.48,7.405179449229404,57525038.93333334,1.7231497188822869,False,False,False,False,False,0,0,
2025-05,IT,Transaction Fees,44,951081.65,,,,,0,21615.492045454543,0.9797544468142564,2.061855670103085,58516281.48,7.405179449229404,57525038.93333334,1.7231497188822869,False,False,False,False,False,0,0,
2025-05,Marketing,Advertising,88,1439524.26,1419711.51,19812.75,101.3955476067106,1.3955476067106056,1,16358.230227272728,-3.5404143195155195,0.8917197452229226,58516281.48,7.405179449229404,57525038.93333334,1.7231497188822869,True,False,False,False,False,1,0,high budget utilization
2025-05,Marketing,Content,91,905773.64,864734.89,41038.75,104.745818686696,4.745818686695989,1,9953.556483516484,5.62916819443041,2.6959247648902784,58516281.48,7.405179449229404,57525038.93333334,1.7231497188822869,True,False,False,False,False,1,0,high budget utilization
2025-05,Marketing,Events,94,1338541.83,1249452.26,89089.57000000007,107.13029003605148,7.130290036051483,1,14239.80670212766,9.578706453603044,7.496823379923763,58516281.48,7.405179449229404,57525038.93333334,1.7231497188822869,True,False,False,False,False,1,0,high budget utilization
2025-05,Marketing,Product Sales,54,1176990.93,,,,,0,21796.12833333333,2.0989828814295333,-0.409836065573769,58516281.48,7.405179449229404,57525038.93333334,1.7231497188822869,False,False,False,False,False,0,0,
2025-05,Marketing,Service Revenue,51,1058682.13,,,,,0,20758.473137254903,-10.676255983638413,-6.134969325153379,58516281.48,7.405179449229404,57525038.93333334,1.7231497188822869,False,False,False,False,False,0,0,
2025-05,Marketing,Software,93,1100042.4,1030130.84,69911.55999999994,106.78666799258237,6.786667992582373,1,11828.412903225806,7.389325379148433,1.5160703456640354,58516281.48,7.405179449229404,57525038.93333334,1.7231497188822869,True,False,False,False,False,1,0,high budget utilization
2025-05,Marketing,Subscription,49,1126212.03,,,,,0,22983.91897959184,-7.467715061465459,-12.063808574277166,58516281.48,7.405179449229404,57525038.93333334,1.7231497188822869,False,False,False,False,False,0,0,
2025-05,Marketing,Transaction Fees,40,899027.0,,,,,0,22475.675,-21.704824834454676,-19.463087248322143,58516281.48,7.405179449229404,57525038.93333334,1.7231497188822869,False,True,False,False,False,1,0,high spending deviation
2025-05,Operations,Logistics,103,2098664.32,2180869.22,-82204.90000000037,96.23063596633273,-3.76936403366729,1,20375.381747572814,-1.6670906492869164,2.148760330578517,58516281.48,7.405179449229404,57525038.93333334,1.7231497188822869,False,False,False,False,False,0,0,
2025-05,Operations,Maintenance,113,1655499.38,1647462.8,8036.579999999842,100.4878155670647,0.4878155670646913,1,14650.436991150442,20.988694549292585,13.822048125349756,58516281.48,7.405179449229404,57525038.93333334,1.7231497188822869,True,True,False,False,False,2,1,"high budget utilization, high spending deviation"
2025-05,Operations,Product Sales,67,1694956.62,,,,,0,25297.86,26.836722927037304,12.081784386617098,58516281.48,7.405179449229404,57525038.93333334,1.7231497188822869,False,True,False,False,False,1,0,high spending deviation
2025-05,Operations,Service Revenue,53,1162168.44,,,,,0,21927.706415094337,-6.997896644539519,-6.65362035225049,58516281.48,7.405179449229404,57525038.93333334,1.7231497188822869,False,False,False,False,False,0,0,
2025-05,Operations,Subscription,69,1703619.7,,,,,0,24690.140579710143,22.389677663601745,12.909090909090905,58516281.48,7.405179449229404,57525038.93333334,1.7231497188822869,False,True,False,False,False,1,0,high spending deviation
2025-05,Operations,Supplies,101,1188259.75,1200534.23,-12274.47999999998,98.97758183871191,-1.0224181612880776,1,11764.94801980198,5.220076355366918,2.9445073612684,58516281.48,7.405179449229404,57525038.93333334,1.7231497188822869,False,False,False,False,False,0,0,
2025-05,Operations,Transaction Fees,72,1609113.83,,,,,0,22348.803194444445,12.279115625527147,16.75675675675676,58516281.48,7.405179449229404,57525038.93333334,1.7231497188822869,False,False,False,False,False,0,0,
2025-05,Operations,Utilities,103,1630094.81,1550811.27,79283.54000000004,105.11239127118286,5.112391271182859,1,15826.163203883496,12.561038024381208,6.0034305317324135,58516281.48,7.405179449229404,57525038.93333334,1.7231497188822869,True,False,False,False,False,1,0,high budget utilization
2025-05,Sales,Client Entertainment,93,832681.65,768986.77,63694.880000000005,108.28296174718324,8.282961747183245,1,8953.566129032259,10.717338765206907,11.600000000000009,58516281.48,7.405179449229404,57525038.93333334,1.7231497188822869,True,False,False,False,False,1,0,high budget utilization
2025-05,Sales,Commissions,85,1275953.18,1150475.28,125477.8999999999,110.90661417775094,10.906614177750946,1,15011.21388235294,10.2138101510761,1.7964071856287425,58516281.48,7.405179449229404,57525038.93333334,1.7231497188822869,True,False,False,False,False,1,0,high budget utilization
2025-05,Sales,Product Sales,60,1455051.7,,,,,0,24250.861666666668,23.882116023983585,16.254036598492995,58516281.48,7.405179449229404,57525038.93333334,1.7231497188822869,False,True,False,False,False,1,0,high spending deviation
2025-05,Sales,Service Revenue,59,1434526.35,,,,,0,24314.005932203392,38.19059036136472,22.491349480968864,58516281.48,7.405179449229404,57525038.93333334,1.7231497188822869,False,True,True,False,False,2,1,"high spending deviation, high transaction deviation"
2025-05,Sales,Software,99,1087027.57,1076153.63,10873.940000000175,101.01044494920303,1.0104449492030405,1,10980.076464646463,30.079201366030727,17.08278580814717,58516281.48,7.405179449229404,57525038.93333334,1.7231497188822869,True,True,False,False,False,2,1,"high budget utilization, high spending deviation"
2025-05,Sales,Subscription,66,1531295.9,,,,,0,23201.45303030303,40.146656689042416,32.146829810901004,58516281.48,7.405179449229404,57525038.93333334,1.7231497188822869,False,True,True,False,False,2,1,"high spending deviation, high transaction deviation"
2025-05,Sales,Transaction Fees,39,1183737.38,,,,,0,30352.24051282051,-0.2485546008935134,-24.1081081081081,58516281.48,7.405179449229404,57525038.93333334,1.7231497188822869,False,False,True,False,False,1,0,high transaction deviation
2025-05,Sales,Travel,99,1117984.52,1151861.05,-33876.53000000003,97.05897425735508,-2.941025742644916,1,11292.772929292929,23.46263688561842,20.56833558863328,58516281.48,7.405179449229404,57525038.93333334,1.7231497188822869,False,True,True,False,False,2,1,"high spending deviation, high transaction deviation"
2025-06,Customer Support,Outsourcing,62,635897.35,650377.58,-14480.22999999998,97.77356562629356,-2.2264343737064216,1,10256.408870967742,-29.249980199251567,-20.963172804532576,51348851.16,-12.248608658514504,54782312.873333335,-6.267463955514485,False,True,True,False,False,2,1,"high spending deviation, high transaction deviation"
2025-06,Customer Support,Product Sales,43,913934.86,,,,,0,21254.299069767443,-21.033219127574878,-14.569536423841065,51348851.16,-12.248608658514504,54782312.873333335,-6.267463955514485,False,True,False,False,False,1,0,high spending deviation
2025-06,Customer Support,Service Revenue,53,1504857.86,,,,,0,28393.54452830189,37.7649342194197,12.63282172373081,51348851.16,-12.248608658514504,54782312.873333335,-6.267463955514485,False,True,False,False,False,1,0,high spending deviation
2025-06,Customer Support,Software,86,856643.32,888534.71,-31891.39000000001,96.410788499191,-3.589211500809013,1,9960.968837209302,20.87644091917258,14.751667902149745,51348851.16,-12.248608658514504,54782312.873333335,-6.267463955514485,False,True,False,False,False,1,0,high spending deviation
2025-06,Customer Support,Subscription,35,966649.7,,,,,0,27618.562857142857,-10.563401661350678,-25.969447708578148,51348851.16,-12.248608658514504,54782312.873333335,-6.267463955514485,False,False,True,False,False,1,0,high transaction deviation
2025-06,Customer Support,Support Tools,81,808488.6,756930.52,51558.07999999996,106.81146797991444,6.811467979914452,1,9981.34074074074,7.12899236030321,1.0395010395010336,51348851.16,-12.248608658514504,54782312.873333335,-6.267463955514485,True,False,False,False,False,1,0,high budget utilization
2025-06,Customer Support,Training,75,579717.82,572249.87,7467.949999999953,101.30501558698477,1.3050155869847473,1,7729.570933333332,6.100871017591761,-1.6751638747268671,51348851.16,-12.248608658514504,54782312.873333335,-6.267463955514485,True,False,False,False,False,1,0,high budget utilization
2025-06,Customer Support,Transaction Fees,47,1054493.52,,,,,0,22436.03234042553,-1.3667677625489063,-1.856148491879344,51348851.16,-12.248608658514504,54782312.873333335,-6.267463955514485,False,False,False,False,False,0,0,
2025-06,Finance,Audit,59,338131.49,312269.61,25861.880000000005,108.28190741968136,8.281907419681348,1,5731.04220338983,-5.997123679170073,14.686825053995683,51348851.16,-12.248608658514504,54782312.873333335,-6.267463955514485,True,False,False,False,False,1,0,high budget utilization
2025-06,Finance,Bank Charges,62,293803.64,274402.15,19401.48999999999,107.07045844939628,7.070458449396257,1,4738.768387096775,25.779555779245456,20.910075839653302,51348851.16,-12.248608658514504,54782312.873333335,-6.267463955514485,True,True,True,False,False,3,1,"high budget utilization, high spending deviation, high transaction deviation"
2025-06,Finance,Product Sales,33,934787.77,,,,,0,28326.90212121212,35.66559565067296,6.261180679785326,51348851.16,-12.248608658514504,54782312.873333335,-6.267463955514485,False,True,False,False,False,1,0,high spending deviation
2025-06,Finance,Professional Services,40,316966.86,294552.18,22414.679999999997,107.60974846629892,7.609748466298906,1,7924.171499999999,-12.483375835921963,-13.669064748201444,51348851.16,-12.248608658514504,54782312.873333335,-6.267463955514485,True,False,False,False,False,1,0,high budget utilization
2025-06,Finance,Service Revenue,38,763590.24,,,,,0,20094.48,4.416789406025581,20.634920634920636,51348851.16,-12.248608658514504,54782312.873333335,-6.267463955514485,False,False,True,False,False,1,0,high transaction deviation
2025-06,Finance,Software,47,320061.13,329790.31,-9729.179999999991,97.04988906435727,-2.950110935642709,1,6809.811276595745,-4.17492436641545,-8.242950108459867,51348851.16,-12.248608658514504,54782312.873333335,-6.267463955514485,False,False,False,False,False,0,0,
2025-06,Finance,Subscription,26,504874.15,,,,,0,19418.23653846154,-24.98667023824624,-15.370705244122965,51348851.16,-12.248608658514504,54782312.873333335,-6.267463955514485,False,True,False,False,False,1,0,high spending deviation
2025-06,Finance,Transaction Fees,35,734125.0,,,,,0,20975.0,4.413906283882241,13.718411552346568,51348851.16,-12.248608658514504,54782312.873333335,-6.267463955514485,False,False,False,False,False,0,0,
2025-06,HR,Benefits,40,208493.83,196259.21,12234.619999999995,106.23390871694632,6.233908716946327,1,5212.34575,-19.418342450796104,-12.087912087912088,51348851.16,-12.248608658514504,54782312.873333335,-6.267463955514485,True,False,False,False,False,1,0,high budget utilization
2025-06,HR,Product Sales,28,643243.21,,,,,0,22972.97178571429,-5.958220832784165,-7.522935779816516,51348851.16,-12.248608658514504,54782312.873333335,-6.267463955514485,False,False,False,False,False,0,0,
2025-06,HR,Recruitment,49,241756.38,229157.17,12599.209999999992,105.49806493071982,5.498064930719816,1,4933.803673469388,0.2487977493830031,8.487084870848713,51348851.16,-12.248608658514504,54782312.873333335,-6.267463955514485,True,False,False,False,False,1,0,high budget utilization
2025-06,HR,Service Revenue,30,541666.37,,,,,0,18055.545666666665,-20.802459197571142,-1.459854014598535,51348851.16,-12.248608658514504,54782312.873333335,-6.267463955514485,False,True,False,False,False,1,0,high spending deviation
2025-06,HR,Software,50,314152.19,324914.82,-10762.630000000005,96.6875533716806,-3.3124466283193867,1,6283.0438,18.521225586235037,6.508875739644974,51348851.16,-12.248608658514504,54782312.873333335,-6.267463955514485,False,False,False,False,False,0,0,
2025-06,HR,Subscription,31,639522.46,,,,,0,20629.756774193545,-1.2652988682355817,8.984375000000005,51348851.16,-12.248608658514504,54782312.873333335,-6.267463955514485,False,False,False,False,False,0,0,
2025-06,HR,Training,62,260293.98,247185.87,13108.110000000015,105.30293661203208,5.302936612032077,1,4198.29,22.613919461696383,30.67915690866511,51348851.16,-12.248608658514504,54782312.873333335,-6.267463955514485,True,True,True,False,False,3,1,"high budget utilization, high spending deviation, high transaction deviation"
2025-06,HR,Transaction Fees,29,618831.39,,,,,0,21339.013448275866,-0.4557987702550035,2.9585798816568003,51348851.16,-12.248608658514504,54782312.873333335,-6.267463955514485,False,False,False,False,False,0,0,
2025-06,IT,Cloud Services,67,1143850.7,1102457.29,41393.40999999992,103.754649760627,3.7546497606270006,1,17072.398507462687,-10.844440204595449,-6.656346749225999,51348851.16,-12.248608658514504,54782312.873333335,-6.267463955514485,True,False,False,False,False,1,0,high budget utilization
2025-06,IT,Cybersecurity,72,946741.65,884039.97,62701.68000000005,107.0926295334814,7.092629533481394,1,13149.189583333333,-10.05087920576706,-1.0687022900763272,51348851.16,-12.248608658514504,54782312.873333335,-6.267463955514485,True,False,False,False,False,1,0,high budget utilization
2025-06,IT,Hardware,71,1227706.6,1165694.45,62012.15000000014,105.31976025106754,5.319760251067519,1,17291.642253521128,-4.185462856251578,-3.8374717832957046,51348851.16,-12.248608658514504,54782312.873333335,-6.267463955514485,True,False,False,False,False,1,0,high budget utilization
2025-06,IT,Product Sales,52,989130.46,,,,,0,19021.739615384613,-3.863297890711188,14.705882352941172,51348851.16,-12.248608658514504,54782312.873333335,-6.267463955514485,False,False,False,False,False,0,0,
2025-06,IT,Service Revenue,41,917767.81,,,,,0,22384.58073170732,-12.025677193232676,-10.328068043742404,51348851.16,-12.248608658514504,54782312.873333335,-6.267463955514485,False,False,False,False,False,0,0,
2025-06,IT,Software,73,1039162.14,1052140.55,-12978.410000000033,98.76647563863972,-1.2335243613602795,1,14235.097808219178,10.513100178634453,6.138933764135713,51348851.16,-12.248608658514504,54782312.873333335,-6.267463955514485,False,False,False,False,False,0,0,
2025-06,IT,Subscription,45,887786.58,,,,,0,19728.590666666667,-9.689506650443995,0.621118012422362,51348851.16,-12.248608658514504,54782312.873333335,-6.267463955514485,False,False,False,False,False,0,0,
2025-06,IT,Transaction Fees,43,837330.42,,,,,0,19472.80046511628,-11.097622162673572,-0.2577319587628939,51348851.16,-12.248608658514504,54782312.873333335,-6.267463955514485,False,False,False,False,False,0,0,
2025-06,Marketing,Advertising,110,2011660.66,1857796.83,153863.82999999984,108.28205902364468,8.282059023644681,1,18287.82418181818,34.79727934097474,26.11464968152865,51348851.16,-12.248608658514504,54782312.873333335,-6.267463955514485,True,True,True,False,False,3,1,"high budget utilization, high spending deviation, high transaction deviation"
2025-06,Marketing,Content,94,883091.22,804737.37,78353.84999999998,109.73657405769536,9.736574057695368,1,9394.587446808511,2.98399830713195,6.081504702194353,51348851.16,-12.248608658514504,54782312.873333335,-6.267463955514485,True,False,False,False,False,1,0,high budget utilization
2025-06,Marketing,Events,84,1185650.33,1163000.21,22650.12000000011,101.94755940757744,1.9475594075774167,1,14114.884880952382,-2.937639634550996,-3.939008894536212,51348851.16,-12.248608658514504,54782312.873333335,-6.267463955514485,True,False,False,False,False,1,0,high budget utilization
2025-06,Marketing,Product Sales,50,1250481.27,,,,,0,25009.6254,8.473958910862866,-7.786885245901638,51348851.16,-12.248608658514504,54782312.873333335,-6.267463955514485,False,False,False,False,False,0,0,
2025-06,Marketing,Service Revenue,62,1309302.66,,,,,0,21117.784838709675,10.469245043156905,14.110429447852756,51348851.16,-12.248608658514504,54782312.873333335,-6.267463955514485,False,False,False,False,False,0,0,
2025-06,Marketing,Software,70,776229.03,753272.73,22956.300000000047,103.04754162546148,3.0475416254614776,1,11088.986142857144,-24.222273731075475,-23.590054578532445,51348851.16,-12.248608658514504,54782312.873333335,-6.267463955514485,True,True,True,False,False,3,1,"high budget utilization, high spending deviation, high transaction deviation"
2025-06,Marketing,Subscription,50,1004932.52,,,,,0,20098.6504,-17.4323308510214,-10.269192422731804,51348851.16,-12.248608658514504,54782312.873333335,-6.267463955514485,False,False,False,False,False,0,0,
2025-06,Marketing,Transaction Fees,49,1094393.23,,,,,0,22334.555714285714,-4.6906159182795015,-1.3422818791946265,51348851.16,-12.248608658514504,54782312.873333335,-6.267463955514485,False,False,False,False,False,0,0,
2025-06,Operations,Logistics,104,2180261.51,2108419.35,71842.15999999968,103.4073942643336,3.4073942643335955,1,20964.05298076923,2.1561454018901043,3.1404958677686,51348851.16,-12.248608658514504,54782312.873333335,-6.267463955514485,True,False,False,False,False,1,0,high budget utilization
2025-06,Operations,Maintenance,100,1425382.12,1484334.06,-58951.93999999994,96.02839134473544,-3.9716086552645664,1,14253.8212,4.171057999854482,0.7274762171236774,51348851.16,-12.248608658514504,54782312.873333335,-6.267463955514485,False,False,False,False,False,0,0,
2025-06,Operations,Product Sales,55,1310566.25,,,,,0,23828.477272727272,-1.9279158136942056,-7.992565055762083,51348851.16,-12.248608658514504,54782312.873333335,-6.267463955514485,False,False,False,False,False,0,0,
2025-06,Operations,Service Revenue,65,1268114.01,,,,,0,19509.44630769231,1.480358754646145,14.481409001956946,51348851.16,-12.248608658514504,54782312.873333335,-6.267463955514485,False,False,False,False,False,0,0,
2025-06,Operations,Subscription,60,1343204.38,,,,,0,22386.73966666667,-3.5029055460335137,-1.8181818181818232,51348851.16,-12.248608658514504,54782312.873333335,-6.267463955514485,False,False,False,False,False,0,0,
2025-06,Operations,Supplies,81,937398.89,982069.13,-44670.23999999999,95.45141593036328,-4.548584069636727,1,11572.825802469137,-16.99358428892656,-17.440543601359007,51348851.16,-12.248608658514504,54782312.873333335,-6.267463955514485,False,False,False,False,False,0,0,
2025-06,Operations,Transaction Fees,50,946381.33,,,,,0,18927.6266,-33.96436175251185,-18.91891891891892,51348851.16,-12.248608658514504,54782312.873333335,-6.267463955514485,False,True,False,False,False,1,0,high spending deviation
2025-06,Operations,Utilities,99,1645042.41,1691976.17,-46933.76000000001,97.226098048414,-2.773901951585997,1,16616.59,13.593197234785189,1.886792452830184,51348851.16,-12.248608658514504,54782312.873333335,-6.267463955514485,False,False,False,False,False,0,0,
2025-06,Sales,Client Entertainment,86,834814.01,830146.24,4667.770000000019,100.56228285753603,0.5622828575360431,1,9707.13965116279,11.000867559782092,3.200000000000005,51348851.16,-12.248608658514504,54782312.873333335,-6.267463955514485,True,False,False,False,False,1,0,high budget utilization
2025-06,Sales,Commissions,95,1393504.07,1269786.9,123717.17000000016,109.74314430240224,9.743144302402252,1,14668.463894736842,20.36757729286891,13.77245508982036,51348851.16,-12.248608658514504,54782312.873333335,-6.267463955514485,True,True,False,False,False,2,1,"high budget utilization, high spending deviation"
2025-06,Sales,Product Sales,43,838576.64,,,,,0,19501.7823255814,-28.60415295794485,-16.684607104413352,51348851.16,-12.248608658514504,54782312.873333335,-6.267463955514485,False,True,False,False,False,1,0,high spending deviation
2025-06,Sales,Service Revenue,47,949000.86,,,,,0,20191.50765957447,-8.580982777456255,-2.422145328719718,51348851.16,-12.248608658514504,54782312.873333335,-6.267463955514485,False,False,False,False,False,0,0,
2025-06,Sales,Software,83,876259.65,828563.09,47696.560000000056,105.756539311931,5.756539311930979,1,10557.345180722892,4.857649067058719,-1.8396846254927743,51348851.16,-12.248608658514504,54782312.873333335,-6.267463955514485,True,False,False,False,False,1,0,high budget utilization
2025-06,Sales,Subscription,48,1109767.2,,,,,0,23120.15,1.5676740094189998,-3.893214682981087,51348851.16,-12.248608658514504,54782312.873333335,-6.267463955514485,False,False,False,False,False,0,0,
2025-06,Sales,Transaction Fees,49,1113876.56,,,,,0,22732.17469387755,-6.135601752996449,-4.648648648648643,51348851.16,-12.248608658514504,54782312.873333335,-6.267463955514485,False,False,False,False,False,0,0,
2025-06,Sales,Travel,66,676500.87,624949.99,51550.880000000005,108.24880083604768,8.248800836047698,1,10250.013181818182,-25.291826701129143,-19.62110960757781,51348851.16,-12.248608658514504,54782312.873333335,-6.267463955514485,True,True,False,False,False,2,1,"high budget utilization, high spending deviation"
2025-07,Customer Support,Outsourcing,91,1095372.14,1057096.99,38275.14999999991,103.62077939508654,3.620779395086529,1,12037.056483516482,21.8712432033066,16.005665722379607,51614641.62,0.5176171501321658,53826591.42,-4.10939972538948,True,True,False,False,False,2,1,"high budget utilization, high spending deviation"
2025-07,Customer Support,Product Sales,58,1433152.25,,,,,0,24709.521551724138,23.82875917718363,15.231788079470194,51614641.62,0.5176171501321658,53826591.42,-4.10939972538948,False,True,False,False,False,1,0,high spending deviation
2025-07,Customer Support,Service Revenue,41,999794.13,,,,,0,24385.22268292683,-8.472038314361505,-12.8689492325856,51614641.62,0.5176171501321658,53826591.42,-4.10939972538948,False,False,False,False,False,0,0,
2025-07,Customer Support,Software,73,638671.83,622736.72,15935.109999999986,102.55888395339848,2.558883953398474,1,8748.929178082191,-9.88037153463727,-2.5945144551519626,51614641.62,0.5176171501321658,53826591.42,-4.10939972538948,True,False,False,False,False,1,0,high budget utilization
2025-07,Customer Support,Subscription,52,1138076.86,,,,,0,21886.093461538465,5.2974236751237305,9.9882491186839,51614641.62,0.5176171501321658,53826591.42,-4.10939972538948,False,False,False,False,False,0,0,
2025-07,Customer Support,Support Tools,81,736025.5,698955.26,37070.23999999999,105.30366421450208,5.303664214502083,1,9086.734567901234,-2.4727495644485864,1.0395010395010336,51614641.62,0.5176171501321658,53826591.42,-4.10939972538948,True,False,False,False,False,1,0,high budget utilization
2025-07,Customer Support,Training,82,557022.06,563905.02,-6882.959999999963,98.779411468974,-1.220588531026016,1,6792.951951219513,1.9470571769093967,7.501820830298625,51614641.62,0.5176171501321658,53826591.42,-4.10939972538948,False,False,False,False,False,0,0,
2025-07,Customer Support,Transaction Fees,47,1157930.1,,,,,0,24636.810638297877,8.308288578231354,-1.856148491879344,51614641.62,0.5176171501321658,53826591.42,-4.10939972538948,False,False,False,False,False,0,0,
2025-07,Finance,Audit,55,390514.27,363196.85,27317.42000000004,107.52138131153949,7.521381311539471,1,7100.259454545455,8.565648896910451,6.911447084233265,51614641.62,0.5176171501321658,53826591.42,-4.10939972538948,True,False,False,False,False,1,0,high budget utilization
2025-07,Finance,Bank Charges,48,210725.68,200871.09,9854.589999999997,104.90592747816522,4.905927478165224,1,4390.118333333333,-9.786745931127925,-6.39219934994583,51614641.62,0.5176171501321658,53826591.42,-4.10939972538948,True,False,False,False,False,1,0,high budget utilization
2025-07,Finance,Product Sales,29,566990.63,,,,,0,19551.40103448276,-17.712742917785157,-6.618962432915926,51614641.62,0.5176171501321658,53826591.42,-4.10939972538948,False,False,False,False,False,0,0,
2025-07,Finance,Professional Services,55,441633.4,441009.34,624.0599999999977,100.14150720708092,0.1415072070809198,1,8029.698181818182,21.93787163145051,18.705035971223012,51614641.62,0.5176171501321658,53826591.42,-4.10939972538948,True,True,False,False,False,2,1,"high budget utilization, high spending deviation"
2025-07,Finance,Service Revenue,29,617632.91,,,,,0,21297.68655172414,-15.542077261620374,-7.936507936507936,51614641.62,0.5176171501321658,53826591.42,-4.10939972538948,False,False,False,False,False,0,0,
2025-07,Finance,Software,46,319632.41,335104.26,-15471.850000000037,95.38297424210602,-4.617025757893986,1,6948.530652173912,-4.3032814912735455,-10.19522776572668,51614641.62,0.5176171501321658,53826591.42,-4.10939972538948,False,False,False,False,False,0,0,
2025-07,Finance,Subscription,29,628680.67,,,,,0,21678.64379310345,-6.5917111946605,-5.605786618444844,51614641.62,0.5176171501321658,53826591.42,-4.10939972538948,False,False,False,False,False,0,0,
2025-07,Finance,Transaction Fees,22,334080.74,,,,,0,15185.488181818182,-52.48401147269194,-28.51985559566787,51614641.62,0.5176171501321658,53826591.42,-4.10939972538948,False,True,True,False,False,2,1,"high spending deviation, high transaction deviation"
2025-07,HR,Benefits,39,286042.81,300258.44,-14215.630000000005,95.2655352502331,-4.734464749766902,1,7334.431025641025,10.553889099893254,-14.285714285714285,51614641.62,0.5176171501321658,53826591.42,-4.10939972538948,False,False,False,False,False,0,0,
2025-07,HR,Product Sales,30,621925.63,,,,,0,20730.854333333333,-9.074838497103473,-0.9174311926605532,51614641.62,0.5176171501321658,53826591.42,-4.10939972538948,False,False,False,False,False,0,0,
2025-07,HR,Recruitment,47,232599.05,230586.9,2012.1499999999944,100.87262112461724,0.8726211246172242,1,4948.9159574468085,-3.548460147572432,4.0590405904059095,51614641.62,0.5176171501321658,53826591.42,-4.10939972538948,True,False,False,False,False,1,0,high budget utilization
2025-07,HR,Service Revenue,22,453965.06,,,,,0,20634.77545454545,-33.625348824541085,-27.737226277372255,51614641.62,0.5176171501321658,53826591.42,-4.10939972538948,False,True,True,False,False,2,1,"high spending deviation, high transaction deviation"
2025-07,HR,Software,48,305429.65,311047.92,-5618.26999999996,98.19376062697994,-1.8062393730200677,1,6363.117708333334,15.23044435365806,2.248520710059175,51614641.62,0.5176171501321658,53826591.42,-4.10939972538948,False,False,False,False,False,0,0,
2025-07,HR,Subscription,29,669719.85,,,,,0,23093.787931034483,3.396820858739032,1.9531250000000056,51614641.62,0.5176171501321658,53826591.42,-4.10939972538948,False,False,False,False,False,0,0,
2025-07,HR,Training,47,250449.35,242554.25,7895.100000000006,103.25498316356033,3.25498316356032,1,5328.7095744680855,17.976514209564925,-0.9367681498829008,51614641.62,0.5176171501321658,53826591.42,-4.10939972538948,True,False,False,False,False,1,0,high budget utilization
2025-07,HR,Transaction Fees,29,543785.18,,,,,0,18751.21310344828,-12.527608879580091,2.9585798816568003,51614641.62,0.5176171501321658,53826591.42,-4.10939972538948,False,False,False,False,False,0,0,
2025-07,IT,Cloud Services,60,992296.58,1001554.79,-9258.21000000008,99.07561622265315,-0.9243837773468268,1,16538.27633333333,-22.65707659840097,-16.40866873065015,51614641.62,0.5176171501321658,53826591.42,-4.10939972538948,False,True,False,False,False,1,0,high spending deviation
2025-07,IT,Cybersecurity,70,1043350.38,1034658.56,8691.819999999949,100.84006650464477,0.8400665046447736,1,14905.005428571429,-0.8721657472988139,-3.8167938931297622,51614641.62,0.5176171501321658,53826591.42,-4.10939972538948,True,False,False,False,False,1,0,high budget utilization
2025-07,IT,Hardware,80,1316962.97,1333726.96,-16763.98999999999,98.7430718203372,-1.2569281796627991,1,16462.037125,2.780417899526016,8.352144469525967,51614641.62,0.5176171501321658,53826591.42,-4.10939972538948,False,False,False,False,False,0,0,
2025-07,IT,Product Sales,52,1291025.74,,,,,0,24827.41807692308,25.47885440895648,14.705882352941172,51614641.62,0.5176171501321658,53826591.42,-4.10939972538948,False,True,False,False,False,1,0,high spending deviation
2025-07,IT,Service Revenue,33,769442.21,,,,,0,23316.430606060603,-26.24370061127722,-27.82503037667072,51614641.62,0.5176171501321658,53826591.42,-4.10939972538948,False,True,True,False,False,2,1,"high spending deviation, high transaction deviation"
2025-07,IT,Software,75,964113.49,946822.53,17290.959999999963,101.82620918410126,1.8262091841012655,1,12854.846533333332,2.5318057718527776,9.046849757673678,51614641.62,0.5176171501321658,53826591.42,-4.10939972538948,True,False,False,False,False,1,0,high budget utilization
2025-07,IT,Subscription,42,731963.82,,,,,0,17427.71,-25.54064773289814,-6.086956521739129,51614641.62,0.5176171501321658,53826591.42,-4.10939972538948,False,True,False,False,False,1,0,high spending deviation
2025-07,IT,Transaction Fees,35,884173.25,,,,,0,25262.092857142856,-6.124150672613954,-18.81443298969073,51614641.62,0.5176171501321658,53826591.42,-4.10939972538948,False,False,False,False,False,0,0,
2025-07,Marketing,Advertising,101,1605640.18,1609870.72,-4230.540000000037,99.73721243902118,-0.2627875609788118,1,15897.427524752477,7.590674793308809,15.796178343949036,51614641.62,0.5176171501321658,53826591.42,-4.10939972538948,False,False,False,False,False,0,0,
2025-07,Marketing,Content,97,964013.19,964005.47,7.71999999997206,100.0008008253314,0.0008008253314135,1,9938.28030927835,12.420926036398445,9.46708463949843,51614641.62,0.5176171501321658,53826591.42,-4.10939972538948,True,False,False,False,False,1,0,high budget utilization
2025-07,Marketing,Events,81,1027036.68,982936.62,44100.060000000056,104.48656191077713,4.486561910777122,1,12679.465185185183,-15.92242517008001,-7.3697585768742035,51614641.62,0.5176171501321658,53826591.42,-4.10939972538948,True,False,False,False,False,1,0,high budget utilization
2025-07,Marketing,Product Sales,61,1244356.81,,,,,0,20399.29196721312,7.942687920781408,12.500000000000004,51614641.62,0.5176171501321658,53826591.42,-4.10939972538948,False,False,False,False,False,0,0,
2025-07,Marketing,Service Revenue,46,920710.55,,,,,0,20015.446739130435,-22.317274325426197,-15.33742331288344,51614641.62,0.5176171501321658,53826591.42,-4.10939972538948,False,True,False,False,False,1,0,high spending deviation
2025-07,Marketing,Software,87,926305.31,895948.17,30357.139999999898,103.38826965850043,3.388269658500435,1,10647.187471264368,-9.571392579028808,-5.033353547604611,51614641.62,0.5176171501321658,53826591.42,-4.10939972538948,True,False,False,False,False,1,0,high budget utilization
2025-07,Marketing,Subscription,56,1297709.92,,,,,0,23173.391428571427,6.622963426347749,0.4985044865403802,51614641.62,0.5176171501321658,53826591.42,-4.10939972538948,False,False,False,False,False,0,0,
2025-07,Marketing,Transaction Fees,53,1348179.18,,,,,0,25437.343018867923,17.41129582608894,6.71140939597316,51614641.62,0.5176171501321658,53826591.42,-4.10939972538948,False,False,False,False,False,0,0,
2025-07,Operations,Logistics,120,2245906.64,2289883.94,-43977.29999999981,98.07949655299998,-1.9205034470000175,1,18715.88866666667,5.231947737732842,19.00826446280992,51614641.62,0.5176171501321658,53826591.42,-4.10939972538948,False,False,False,False,False,0,0,
2025-07,Operations,Maintenance,109,1533476.14,1480369.87,53106.269999999786,103.58736496035276,3.5873649603527653,1,14068.588440366972,12.0708823829872,9.792949076664808,51614641.62,0.5176171501321658,53826591.42,-4.10939972538948,True,False,False,False,False,1,0,high budget utilization
2025-07,Operations,Product Sales,63,1424322.93,,,,,0,22608.300476190478,6.58470588529632,5.390334572490705,51614641.62,0.5176171501321658,53826591.42,-4.10939972538948,False,False,False,False,False,0,0,
2025-07,Operations,Service Revenue,53,1269307.55,,,,,0,23949.19905660377,1.5758713555896708,-6.65362035225049,51614641.62,0.5176171501321658,53826591.42,-4.10939972538948,False,False,False,False,False,0,0,
2025-07,Operations,Subscription,56,1202544.9,,,,,0,21474.01607142857,-13.608017865132584,-8.363636363636369,51614641.62,0.5176171501321658,53826591.42,-4.10939972538948,False,False,False,False,False,0,0,
2025-07,Operations,Supplies,88,948085.77,891504.4,56581.37,106.3467291916899,6.346729191689911,1,10773.701931818185,-16.047263983454087,-10.305775764439414,51614641.62,0.5176171501321658,53826591.42,-4.10939972538948,True,False,False,False,False,1,0,high budget utilization
2025-07,Operations,Transaction Fees,62,1476872.9,,,,,0,23820.53064516129,3.051741903994185,0.5405405405405443,51614641.62,0.5176171501321658,53826591.42,-4.10939972538948,False,False,False,False,False,0,0,
2025-07,Operations,Utilities,96,1363723.79,1402788.17,-39064.37999999989,97.21523314528665,-2.784766854713345,1,14205.456145833334,-5.832369725204358,-1.2006861063464884,51614641.62,0.5176171501321658,53826591.42,-4.10939972538948,False,False,False,False,False,0,0,
2025-07,Sales,Client Entertainment,89,760174.48,713072.59,47101.890000000014,106.60548318089188,6.605483180891866,1,8541.286292134831,1.0764383036722365,6.800000000000006,51614641.62,0.5176171501321658,53826591.42,-4.10939972538948,True,False,False,False,False,1,0,high budget utilization
2025-07,Sales,Commissions,78,967257.86,1006185.22,-38927.35999999999,96.13119341983575,-3.868806580164235,1,12400.741794871794,-16.450559612872198,-6.58682634730539,51614641.62,0.5176171501321658,53826591.42,-4.10939972538948,False,False,False,False,False,0,0,
2025-07,Sales,Product Sales,50,1052251.57,,,,,0,21045.0314,-10.412014170246392,-3.121636167922503,51614641.62,0.5176171501321658,53826591.42,-4.10939972538948,False,False,False,False,False,0,0,
2025-07,Sales,Service Revenue,52,1260208.37,,,,,0,24234.77634615385,21.398215256647703,7.958477508650525,51614641.62,0.5176171501321658,53826591.42,-4.10939972538948,False,True,False,False,False,1,0,high spending deviation
2025-07,Sales,Software,84,861132.61,835828.35,25304.26000000001,103.02744696324312,3.027446963243112,1,10251.57869047619,3.047471168597499,-0.6570302233902778,51614641.62,0.5176171501321658,53826591.42,-4.10939972538948,True,False,False,False,False,1,0,high budget utilization
2025-07,Sales,Subscription,55,1128150.12,,,,,0,20511.820363636365,3.2501083306903844,10.122358175750838,51614641.62,0.5176171501321658,53826591.42,-4.10939972538948,False,False,False,False,False,0,0,
2025-07,Sales,Transaction Fees,45,1272409.86,,,,,0,28275.774666666668,7.223717709307069,-12.432432432432428,51614641.62,0.5176171501321658,53826591.42,-4.10939972538948,False,False,False,False,False,0,0,
2025-07,Sales,Travel,80,891683.71,923811.31,-32127.600000000093,96.52227682728844,-3.4777231727115456,1,11146.046375,-1.5284915532184025,-2.5710419485791647,51614641.62,0.5176171501321658,53826591.42,-4.10939972538948,False,False,False,False,False,0,0,
2025-08,Customer Support,Outsourcing,82,984834.12,953372.37,31461.75,103.3000484375271,3.3000484375270918,1,12010.172195121952,9.572769080501214,4.532577903682721,50829734.44,-1.5207064417470662,51264409.07333333,-0.8479072346499386,True,False,False,False,False,1,0,high budget utilization
2025-08,Customer Support,Product Sales,44,1017559.33,,,,,0,23126.348409090908,-12.079746430941778,-12.582781456953644,50829734.44,-1.5207064417470662,51264409.07333333,-0.8479072346499386,False,False,False,False,False,0,0,
2025-08,Customer Support,Service Revenue,55,1244351.91,,,,,0,22624.580181818183,13.916445920652778,16.88311688311688,50829734.44,-1.5207064417470662,51264409.07333333,-0.8479072346499386,False,False,False,False,False,0,0,
2025-08,Customer Support,Software,84,702246.76,722081.19,-19834.42999999993,97.2531579170481,-2.74684208295191,1,8360.080476190476,-0.9096469744019318,12.083024462564865,50829734.44,-1.5207064417470662,51264409.07333333,-0.8479072346499386,False,False,False,False,False,0,0,
2025-08,Customer Support,Subscription,47,974724.44,,,,,0,20738.817872340427,-9.816308605749423,-0.587544065804937,50829734.44,-1.5207064417470662,51264409.07333333,-0.8479072346499386,False,False,False,False,False,0,0,
2025-08,Customer Support,Support Tools,71,573855.11,520109.16,53745.95000000001,110.33359035630136,10.33359035630136,1,8082.466338028169,-23.961179297876363,-11.43451143451144,50829734.44,-1.5207064417470662,51264409.07333333,-0.8479072346499386,True,True,False,False,False,2,1,"high budget utilization, high spending deviation"
2025-08,Customer Support,Training,77,525707.05,542731.08,-17024.02999999991,96.8632660580264,-3.136733941973604,1,6827.364285714286,-3.784265411940119,0.9468317552804162,50829734.44,-1.5207064417470662,51264409.07333333,-0.8479072346499386,False,False,False,False,False,0,0,
2025-08,Customer Support,Transaction Fees,46,876920.09,,,,,0,19063.480217391305,-17.976297388099162,-3.944315545243613,50829734.44,-1.5207064417470662,51264409.07333333,-0.8479072346499386,False,False,False,False,False,0,0,
2025-08,Finance,Audit,63,404827.96,424597.44,-19769.47999999998,95.34394743406838,-4.656052565931622,1,6425.840634920635,12.544953015449368,22.462203023758104,50829734.44,-1.5207064417470662,51264409.07333333,-0.8479072346499386,False,False,True,False,False,1,0,high transaction deviation
2025-08,Finance,Bank Charges,61,248018.13,248961.14,-943.0100000000092,99.62122201079252,-0.378777989207476,1,4065.870983606557,6.17843338019621,18.95991332611051,50829734.44,-1.5207064417470662,51264409.07333333,-0.8479072346499386,False,False,False,False,False,0,0,
2025-08,Finance,Product Sales,39,891594.74,,,,,0,22861.40358974359,29.39699829524608,25.581395348837205,50829734.44,-1.5207064417470662,51264409.07333333,-0.8479072346499386,False,True,True,False,False,2,1,"high spending deviation, high transaction deviation"
2025-08,Finance,Professional Services,43,265074.72000000003,248356.75,16717.97000000003,106.73143371380084,6.731433713800825,1,6164.528372093024,-26.81113525357754,-7.194244604316552,50829734.44,-1.5207064417470662,51264409.07333333,-0.8479072346499386,True,True,False,False,False,2,1,"high budget utilization, high spending deviation"
2025-08,Finance,Service Revenue,38,964311.31,,,,,0,25376.61342105263,31.86429802732765,20.634920634920636,50829734.44,-1.5207064417470662,51264409.07333333,-0.8479072346499386,False,True,True,False,False,2,1,"high spending deviation, high transaction deviation"
2025-08,Finance,Software,52,271681.31,265587.82,6093.489999999991,102.29434090765156,2.29434090765156,1,5224.640576923077,-18.6596570505724,1.5184381778741882,50829734.44,-1.5207064417470662,51264409.07333333,-0.8479072346499386,True,False,False,False,False,1,0,high budget utilization
2025-08,Finance,Subscription,44,1026846.95,,,,,0,23337.43068181818,52.567147427138174,43.21880650994576,50829734.44,-1.5207064417470662,51264409.07333333,-0.8479072346499386,False,True,True,False,False,2,1,"high spending deviation, high transaction deviation"
2025-08,Finance,Transaction Fees,23,420198.29,,,,,0,18269.490869565216,-40.23559356688906,-25.27075812274369,50829734.44,-1.5207064417470662,51264409.07333333,-0.8479072346499386,False,True,True,False,False,2,1,"high spending deviation, high transaction deviation"
2025-08,HR,Benefits,46,234417.88,227914.05,6503.830000000016,102.85363276199956,2.853632761999542,1,5096.040869565218,-9.398847296486544,1.098901098901099,50829734.44,-1.5207064417470662,51264409.07333333,-0.8479072346499386,True,False,False,False,False,1,0,high budget utilization
2025-08,HR,Product Sales,34,737964.14,,,,,0,21704.827647058824,7.889923450889369,12.293577981651373,50829734.44,-1.5207064417470662,51264409.07333333,-0.8479072346499386,False,False,False,False,False,0,0,
2025-08,HR,Recruitment,65,321243.85,308866.68,12377.169999999984,104.0072856029663,4.007285602966297,1,4942.213076923076,33.20976160746255,43.91143911439116,50829734.44,-1.5207064417470662,51264409.07333333,-0.8479072346499386,True,True,True,False,False,3,1,"high budget utilization, high spending deviation, high transaction deviation"
2025-08,HR,Service Revenue,27,774690.79,,,,,0,28692.25148148148,13.268256713612931,-11.313868613138682,50829734.44,-1.5207064417470662,51264409.07333333,-0.8479072346499386,False,False,False,False,False,0,0,
2025-08,HR,Software,51,261697.03,263222.25,-1525.2200000000012,99.42055810251604,-0.5794418974839707,1,5131.31431372549,-1.2687044203711666,8.639053254437872,50829734.44,-1.5207064417470662,51264409.07333333,-0.8479072346499386,False,False,False,False,False,0,0,
2025-08,HR,Subscription,28,548785.36,,,,,0,19599.477142857144,-15.274033526378814,-1.5624999999999944,50829734.44,-1.5207064417470662,51264409.07333333,-0.8479072346499386,False,False,False,False,False,0,0,
2025-08,HR,Training,51,198104.17,198545.36,-441.1899999999732,99.77778881359907,-0.2222111864009177,1,3884.395490196079,-6.681173550743629,7.494145199063236,50829734.44,-1.5207064417470662,51264409.07333333,-0.8479072346499386,False,False,False,False,False,0,0,
2025-08,HR,Transaction Fees,33,703871.8200000001,,,,,0,21329.449090909093,13.223665157041976,17.159763313609464,50829734.44,-1.5207064417470662,51264409.07333333,-0.8479072346499386,False,False,False,False,False,0,0,
2025-08,IT,Cloud Services,68,1117165.64,1133054.7,-15889.060000000056,98.59767935299152,-1.4023206470084857,1,16428.906470588234,-12.924363277138012,-5.263157894736834,50829734.44,-1.5207064417470662,51264409.07333333,-0.8479072346499386,False,False,False,False,False,0,0,
2025-08,IT,Cybersecurity,68,863236.53,872358.0,-9121.469999999972,98.95438913840418,-1.0456108615958095,1,12694.654852941178,-17.9846297974062,-6.564885496183198,50829734.44,-1.5207064417470662,51264409.07333333,-0.8479072346499386,False,False,False,False,False,0,0,
2025-08,IT,Hardware,78,1226743.55,1216108.08,10635.469999999972,100.87454973574388,0.8745497357438798,1,15727.48141025641,-4.260622662345552,5.643340857787817,50829734.44,-1.5207064417470662,51264409.07333333,-0.8479072346499386,True,False,False,False,False,1,0,high budget utilization
2025-08,IT,Product Sales,45,827162.09,,,,,0,18381.379777777776,-19.605513470460973,-0.735294117647064,50829734.44,-1.5207064417470662,51264409.07333333,-0.8479072346499386,False,False,False,False,False,0,0,
2025-08,IT,Service Revenue,55,1107180.07,,,,,0,20130.54672727273,6.130783649297138,20.29161603888214,50829734.44,-1.5207064417470662,51264409.07333333,-0.8479072346499386,False,False,True,False,False,1,0,high transaction deviation
2025-08,IT,Software,83,1131159.21,1132024.11,-864.9000000001397,99.9235970336356,-0.0764029663643948,1,13628.42421686747,20.29682980243584,20.678513731825536,50829734.44,-1.5207064417470662,51264409.07333333,-0.8479072346499386,False,True,True,False,False,2,1,"high spending deviation, high transaction deviation"
2025-08,IT,Subscription,34,672817.14,,,,,0,19788.739411764705,-31.557370638067884,-23.975155279503102,50829734.44,-1.5207064417470662,51264409.07333333,-0.8479072346499386,False,True,True,False,False,2,1,"high spending deviation, high transaction deviation"
2025-08,IT,Transaction Fees,40,824710.74,,,,,0,20617.7685,-12.437498909951136,-7.216494845360831,50829734.44,-1.5207064417470662,51264409.07333333,-0.8479072346499386,False,False,False,False,False,0,0,
2025-08,Marketing,Advertising,78,1233824.14,1159156.89,74667.25,106.44151371088344,6.441513710883434,1,15818.258205128204,-17.32395996787156,-10.573248407643318,50829734.44,-1.5207064417470662,51264409.07333333,-0.8479072346499386,True,False,False,False,False,1,0,high budget utilization
2025-08,Marketing,Content,78,693711.63,644900.05,48811.57999999996,107.56885970159252,7.56885970159251,1,8893.738846153847,-19.100999181536707,-11.974921630094046,50829734.44,-1.5207064417470662,51264409.07333333,-0.8479072346499386,True,False,False,False,False,1,0,high budget utilization
2025-08,Marketing,Events,94,1262734.43,1314970.99,-52236.560000000056,96.02755038725228,-3.9724496127477344,1,13433.345,3.372791445619406,7.496823379923763,50829734.44,-1.5207064417470662,51264409.07333333,-0.8479072346499386,False,False,False,False,False,0,0,
2025-08,Marketing,Product Sales,54,1316694.99,,,,,0,24383.24055555556,14.217718945441693,-0.409836065573769,50829734.44,-1.5207064417470662,51264409.07333333,-0.8479072346499386,False,False,False,False,False,0,0,
2025-08,Marketing,Service Revenue,57,1195078.76,,,,,0,20966.29403508772,0.8318797613319653,4.907975460122695,50829734.44,-1.5207064417470662,51264409.07333333,-0.8479072346499386,False,False,False,False,False,0,0,
2025-08,Marketing,Software,104,1075531.85,1051976.79,23555.060000000056,102.23912354568203,2.2391235456820358,1,10341.652403846154,4.996534492931804,13.523347483323224,50829734.44,-1.5207064417470662,51264409.07333333,-0.8479072346499386,True,False,False,False,False,1,0,high budget utilization
2025-08,Marketing,Subscription,60,1041472.57,,,,,0,17357.876166666665,-14.430112593533694,7.676969092721836,50829734.44,-1.5207064417470662,51264409.07333333,-0.8479072346499386,False,False,False,False,False,0,0,
2025-08,Marketing,Transaction Fees,64,1276504.07,,,,,0,19945.37609375,11.169197098843016,28.859060402684573,50829734.44,-1.5207064417470662,51264409.07333333,-0.8479072346499386,False,False,True,False,False,1,0,high transaction deviation
2025-08,Operations,Logistics,98,1905427.15,1987122.27,-81695.12000000011,95.88877236024334,-4.111227639756667,1,19443.13418367347,-10.721217571689794,-2.809917355371896,50829734.44,-1.5207064417470662,51264409.07333333,-0.8479072346499386,False,False,False,False,False,0,0,
2025-08,Operations,Maintenance,85,1209462.85,1262456.8,-52993.94999999995,95.80231577032971,-4.197684229670271,1,14228.974705882354,-11.608948275554836,-14.381645215444877,50829734.44,-1.5207064417470662,51264409.07333333,-0.8479072346499386,False,False,False,False,False,0,0,
2025-08,Operations,Product Sales,63,1285408.38,,,,,0,20403.307619047617,-3.810525521206625,5.390334572490705,50829734.44,-1.5207064417470662,51264409.07333333,-0.8479072346499386,False,False,False,False,False,0,0,
2025-08,Operations,Service Revenue,46,1175495.12,,,,,0,25554.24173913044,-5.931433963153021,-18.98238747553816,50829734.44,-1.5207064417470662,51264409.07333333,-0.8479072346499386,False,False,False,False,False,0,0,
2025-08,Operations,Subscription,63,1409123.44,,,,,0,22367.03873015873,1.232783120449741,3.090909090909085,50829734.44,-1.5207064417470662,51264409.07333333,-0.8479072346499386,False,False,False,False,False,0,0,
2025-08,Operations,Supplies,113,1151384.99,1085387.61,65997.37999999989,106.0805355977852,6.08053559778519,1,10189.247699115043,1.9548264276589136,15.175537938844844,50829734.44,-1.5207064417470662,51264409.07333333,-0.8479072346499386,True,False,False,False,False,1,0,high budget utilization
2025-08,Operations,Transaction Fees,60,1234974.9,,,,,0,20582.915,-13.827171821819585,-2.702702702702699,50829734.44,-1.5207064417470662,51264409.07333333,-0.8479072346499386,False,False,False,False,False,0,0,
2025-08,Operations,Utilities,93,1318392.99,1250574.62,67818.36999999988,105.4229766793124,5.422976679312417,1,14176.26870967742,-8.962544651947193,-4.288164665523161,50829734.44,-1.5207064417470662,51264409.07333333,-0.8479072346499386,True,False,False,False,False,1,0,high budget utilization
2025-08,Sales,Client Entertainment,88,654037.52,607107.32,46930.20000000007,107.7301324582942,7.730132458294206,1,7432.244545454546,-13.036040043639982,5.600000000000006,50829734.44,-1.5207064417470662,51264409.07333333,-0.8479072346499386,True,False,False,False,False,1,0,high budget utilization
2025-08,Sales,Commissions,89,1081290.06,1105479.75,-24189.689999999944,97.81183780164224,-2.188162198357767,1,12149.326516853933,-6.600728569769545,6.58682634730539,50829734.44,-1.5207064417470662,51264409.07333333,-0.8479072346499386,False,False,False,False,False,0,0,
2025-08,Sales,Product Sales,44,1076194.48,,,,,0,24458.96545454545,-8.373531032793759,-14.747039827771802,50829734.44,-1.5207064417470662,51264409.07333333,-0.8479072346499386,False,False,False,False,False,0,0,
2025-08,Sales,Service Revenue,42,838294.58,,,,,0,19959.39476190476,-19.24552455454564,-12.802768166089962,50829734.44,-1.5207064417470662,51264409.07333333,-0.8479072346499386,False,False,False,False,False,0,0,
2025-08,Sales,Software,100,919369.44,866062.48,53306.95999999996,106.15509402970558,6.155094029705566,1,9193.6944,10.016383959364427,18.26544021024967,50829734.44,-1.5207064417470662,51264409.07333333,-0.8479072346499386,True,False,False,False,False,1,0,high budget utilization
2025-08,Sales,Subscription,55,1235357.54,,,,,0,22461.046181818183,13.061903350358348,10.122358175750838,50829734.44,-1.5207064417470662,51264409.07333333,-0.8479072346499386,False,False,False,False,False,0,0,
2025-08,Sales,Transaction Fees,55,1193543.85,,,,,0,21700.797272727275,0.577819198980067,7.027027027027033,50829734.44,-1.5207064417470662,51264409.07333333,-0.8479072346499386,False,False,False,False,False,0,0,
2025-08,Sales,Travel,108,1102722.48,1060926.47,41796.01000000001,103.9395765099536,3.939576509953608,1,10210.393333333332,21.777200576845747,31.529093369418128,50829734.44,-1.5207064417470662,51264409.07333333,-0.8479072346499386,True,True,True,False,False,3,1,"high budget utilization, high spending deviation, high transaction deviation"
2025-09,Customer Support,Outsourcing,71,724500.14,653707.32,70792.82000000007,110.82943663534316,10.82943663534318,1,10204.227323943662,-19.392022547908063,-9.490084985835692,46872855.13,-7.784576003777355,49772410.39666667,-5.825627578729547,True,False,False,False,False,1,0,high budget utilization
2025-09,Customer Support,Product Sales,49,1133268.28,,,,,0,23127.924081632653,-2.0821375207964734,-2.649006622516561,46872855.13,-7.784576003777355,49772410.39666667,-5.825627578729547,False,False,False,False,False,0,0,
2025-09,Customer Support,Service Revenue,36,750117.6,,,,,0,20836.6,-31.32912777501194,-23.49468713105077,46872855.13,-7.784576003777355,49772410.39666667,-5.825627578729547,False,True,True,False,False,2,1,"high spending deviation, high transaction deviation"
2025-09,Customer Support,Software,70,592052.62,559904.95,32147.67000000004,105.74162989628866,5.741629896288655,1,8457.894571428571,-16.458563474852824,-6.59747961452928,46872855.13,-7.784576003777355,49772410.39666667,-5.825627578729547,True,False,False,False,False,1,0,high budget utilization
2025-09,Customer Support,Subscription,51,1129478.93,,,,,0,22146.645686274507,4.501923907261765,7.873090481786132,46872855.13,-7.784576003777355,49772410.39666667,-5.825627578729547,False,False,False,False,False,0,0,
2025-09,Customer Support,Support Tools,88,794088.24,730560.49,63527.75,108.69575495384372,8.695754953843727,1,9023.73,5.220868910664446,9.771309771309763,46872855.13,-7.784576003777355,49772410.39666667,-5.825627578729547,True,False,False,False,False,1,0,high budget utilization
2025-09,Customer Support,Training,80,572848.29,581122.33,-8274.03999999992,98.57619651270328,-1.4238034872967145,1,7160.603625000001,4.843598787316921,4.879825200291341,46872855.13,-7.784576003777355,49772410.39666667,-5.825627578729547,False,False,False,False,False,0,0,
2025-09,Customer Support,Transaction Fees,54,1113828.32,,,,,0,20626.45037037037,4.183179199820969,12.76102088167054,46872855.13,-7.784576003777355,49772410.39666667,-5.825627578729547,False,False,False,False,False,0,0,
2025-09,Finance,Audit,61,418642.82,380055.26,38587.56,110.15314457166043,10.153144571660446,1,6862.997049180328,16.385578968298596,18.57451403887689,46872855.13,-7.784576003777355,49772410.39666667,-5.825627578729547,True,False,False,False,False,1,0,high budget utilization
2025-09,Finance,Bank Charges,47,193570.92,184104.79,9466.129999999976,105.1417076111925,5.141707611192504,1,4118.530212765957,-17.130828163395602,-8.342361863488627,46872855.13,-7.784576003777355,49772410.39666667,-5.825627578729547,True,False,False,False,False,1,0,high budget utilization
2025-09,Finance,Product Sales,34,864459.04,,,,,0,25425.265882352945,25.458798607526635,9.481216457960638,46872855.13,-7.784576003777355,49772410.39666667,-5.825627578729547,False,True,False,False,False,1,0,high spending deviation
2025-09,Finance,Professional Services,48,321365.2,316552.61,4812.590000000026,101.52031284783912,1.5203128478391084,1,6695.108333333334,-11.26896538075377,3.5971223021582683,46872855.13,-7.784576003777355,49772410.39666667,-5.825627578729547,True,False,False,False,False,1,0,high budget utilization
2025-09,Finance,Service Revenue,35,694824.17,,,,,0,19852.119142857144,-4.9865945993409735,11.11111111111111,46872855.13,-7.784576003777355,49772410.39666667,-5.825627578729547,False,False,False,False,False,0,0,
2025-09,Finance,Software,50,285350.46,288174.26,-2823.7999999999884,99.02010679232768,-0.9798932076723258,1,5707.0092,-14.567165929901751,-2.3861171366594345,46872855.13,-7.784576003777355,49772410.39666667,-5.825627578729547,False,False,False,False,False,0,0,
2025-09,Finance,Subscription,35,575505.77,,,,,0,16443.022,-14.492346053363963,13.924050632911394,46872855.13,-7.784576003777355,49772410.39666667,-5.825627578729547,False,False,False,False,False,0,0,
2025-09,Finance,Transaction Fees,25,453777.17,,,,,0,18151.0868,-35.45970113789164,-18.77256317689531,46872855.13,-7.784576003777355,49772410.39666667,-5.825627578729547,False,True,False,False,False,1,0,high spending deviation
2025-09,HR,Benefits,51,221995.69,214133.25,7862.440000000002,103.67175111758684,3.671751117586831,1,4352.856666666667,-14.199951773252812,12.087912087912088,46872855.13,-7.784576003777355,49772410.39666667,-5.825627578729547,True,False,False,False,False,1,0,high budget utilization
2025-09,HR,Product Sales,37,912496.15,,,,,0,24662.058108108107,33.40640071309056,22.20183486238532,46872855.13,-7.784576003777355,49772410.39666667,-5.825627578729547,False,True,True,False,False,2,1,"high spending deviation, high transaction deviation"
2025-09,HR,Recruitment,38,160667.66,160871.4,-203.7399999999907,99.87335225527968,-0.1266477447203111,1,4228.096315789474,-33.376154324420995,-15.867158671586711,46872855.13,-7.784576003777355,49772410.39666667,-5.825627578729547,False,True,False,False,False,1,0,high spending deviation
2025-09,HR,Service Revenue,26,639029.19,,,,,0,24578.04576923077,-6.566951260112276,-14.598540145985398,46872855.13,-7.784576003777355,49772410.39666667,-5.825627578729547,False,False,False,False,False,0,0,
2025-09,HR,Software,44,220398.04,224752.52,-4354.479999999981,98.06254452675326,-1.9374554732467435,1,5009.046363636364,-16.849709634034213,-6.272189349112423,46872855.13,-7.784576003777355,49772410.39666667,-5.825627578729547,False,False,False,False,False,0,0,
2025-09,HR,Subscription,31,518290.91,,,,,0,16719.061612903224,-19.98201580260338,8.984375000000005,46872855.13,-7.784576003777355,49772410.39666667,-5.825627578729547,False,False,False,False,False,0,0,
2025-09,HR,Training,50,188533.0,172505.71,16027.290000000008,109.29087506726589,9.290875067265894,1,3770.66,-11.189762906264669,5.386416861826701,46872855.13,-7.784576003777355,49772410.39666667,-5.825627578729547,True,False,False,False,False,1,0,high budget utilization
2025-09,HR,Transaction Fees,29,536418.49,,,,,0,18497.189310344827,-13.712602536345235,2.9585798816568003,46872855.13,-7.784576003777355,49772410.39666667,-5.825627578729547,False,False,False,False,False,0,0,
2025-09,IT,Cloud Services,62,1046828.51,1004701.51,42127.0,104.19298663142249,4.192986631422501,1,16884.330806451613,-18.40667508544668,-13.62229102167182,46872855.13,-7.784576003777355,49772410.39666667,-5.825627578729547,True,False,False,False,False,1,0,high budget utilization
2025-09,IT,Cybersecurity,68,969356.33,892991.41,76364.91999999993,108.55158505948002,8.551585059480015,1,14255.240147058825,-7.902277649003482,-6.564885496183198,46872855.13,-7.784576003777355,49772410.39666667,-5.825627578729547,True,False,False,False,False,1,0,high budget utilization
2025-09,IT,Hardware,68,1171378.01,1072263.77,99114.24,109.24345695276078,9.243456952760791,1,17226.147205882353,-8.581543954789279,-7.900677200902928,46872855.13,-7.784576003777355,49772410.39666667,-5.825627578729547,True,False,False,False,False,1,0,high budget utilization
2025-09,IT,Product Sales,47,996296.59,,,,,0,21197.79978723404,-3.166799164864207,3.6764705882352886,46872855.13,-7.784576003777355,49772410.39666667,-5.825627578729547,False,False,False,False,False,0,0,
2025-09,IT,Service Revenue,46,863054.81,,,,,0,18762.061086956524,-17.27029252107541,0.6075334143377903,46872855.13,-7.784576003777355,49772410.39666667,-5.825627578729547,False,False,False,False,False,0,0,
2025-09,IT,Software,60,640404.07,613949.29,26454.77999999991,104.3089519657234,4.308951965723408,1,10673.401166666668,-31.894132379846685,-12.762520193861056,46872855.13,-7.784576003777355,49772410.39666667,-5.825627578729547,True,True,False,False,False,2,1,"high budget utilization, high spending deviation"
2025-09,IT,Subscription,30,571051.47,,,,,0,19035.049,-41.90952967132125,-32.91925465838509,46872855.13,-7.784576003777355,49772410.39666667,-5.825627578729547,False,True,True,False,False,2,1,"high spending deviation, high transaction deviation"
2025-09,IT,Transaction Fees,30,647916.54,,,,,0,21597.218,-31.208374053658268,-30.41237113402062,46872855.13,-7.784576003777355,49772410.39666667,-5.825627578729547,False,True,True,False,False,2,1,"high spending deviation, high transaction deviation"
2025-09,Marketing,Advertising,86,1249940.14,1248636.17,1303.969999999972,100.1044315414954,0.1044315414953878,1,14534.187674418605,-16.244059666068598,-1.4012738853503257,46872855.13,-7.784576003777355,49772410.39666667,-5.825627578729547,True,False,False,False,False,1,0,high budget utilization
2025-09,Marketing,Content,92,784809.26,742346.83,42462.43000000005,105.72002577285878,5.720025772858767,1,8530.535434782609,-8.477410178235628,3.824451410658304,46872855.13,-7.784576003777355,49772410.39666667,-5.825627578729547,True,False,False,False,False,1,0,high budget utilization
2025-09,Marketing,Events,85,1213986.73,1201389.68,12597.050000000048,101.0485398875742,1.0485398875742005,1,14282.196823529412,-0.6179018512709121,-2.7954256670902144,46872855.13,-7.784576003777355,49772410.39666667,-5.825627578729547,True,False,False,False,False,1,0,high budget utilization
2025-09,Marketing,Product Sales,49,816946.26,,,,,0,16672.372653061226,-29.13336875519688,-9.631147540983603,46872855.13,-7.784576003777355,49772410.39666667,-5.825627578729547,False,True,False,False,False,1,0,high spending deviation
2025-09,Marketing,Service Revenue,55,1101233.44,,,,,0,20022.42618181818,-7.086092123971835,1.2269938650306704,46872855.13,-7.784576003777355,49772410.39666667,-5.825627578729547,False,False,False,False,False,0,0,
2025-09,Marketing,Software,99,1037950.84,1034598.01,3352.829999999958,100.3240707953807,0.3240707953807061,1,10484.35191919192,1.3277674427098811,8.065494238932683,46872855.13,-7.784576003777355,49772410.39666667,-5.825627578729547,True,False,False,False,False,1,0,high budget utilization
2025-09,Marketing,Subscription,54,1102308.99,,,,,0,20413.129444444443,-9.431646230072486,-3.090727816550348,46872855.13,-7.784576003777355,49772410.39666667,-5.825627578729547,False,False,False,False,False,0,0,
2025-09,Marketing,Transaction Fees,45,1069936.24,,,,,0,23776.36088888889,-6.820545626811048,-9.395973154362412,46872855.13,-7.784576003777355,49772410.39666667,-5.825627578729547,False,False,False,False,False,0,0,
2025-09,Operations,Logistics,71,1318499.55,1275114.48,43385.07000000007,103.40244508869507,3.4024450886951003,1,18570.416197183094,-38.22170821053173,-29.586776859504127,46872855.13,-7.784576003777355,49772410.39666667,-5.825627578729547,True,True,True,False,False,3,1,"high budget utilization, high spending deviation, high transaction deviation"
2025-09,Operations,Maintenance,97,1174244.74,1150079.2,24165.54000000004,102.1012065951632,2.101206595163189,1,12105.61587628866,-14.182789863700524,-2.2943480693900327,46872855.13,-7.784576003777355,49772410.39666667,-5.825627578729547,True,False,False,False,False,1,0,high budget utilization
2025-09,Operations,Product Sales,70,1474619.87,,,,,0,21065.998142857145,10.348518461725469,17.100371747211895,46872855.13,-7.784576003777355,49772410.39666667,-5.825627578729547,False,False,False,False,False,0,0,
2025-09,Operations,Service Revenue,63,1337630.0,,,,,0,21232.222222222223,7.043350369559691,10.95890410958904,46872855.13,-7.784576003777355,49772410.39666667,-5.825627578729547,False,False,False,False,False,0,0,
2025-09,Operations,Subscription,60,1264985.47,,,,,0,21083.091166666665,-9.12222726560408,-1.8181818181818232,46872855.13,-7.784576003777355,49772410.39666667,-5.825627578729547,False,False,False,False,False,0,0,
2025-09,Operations,Supplies,103,1105736.3,1021738.34,83997.96000000008,108.2210832961402,8.221083296140192,1,10735.303883495146,-2.087352605437569,4.9830124575311405,46872855.13,-7.784576003777355,49772410.39666667,-5.825627578729547,True,False,False,False,False,1,0,high budget utilization
2025-09,Operations,Transaction Fees,55,1332379.1,,,,,0,24225.074545454547,-7.030600174547128,-10.810810810810809,46872855.13,-7.784576003777355,49772410.39666667,-5.825627578729547,False,False,False,False,False,0,0,
2025-09,Operations,Utilities,87,1179786.53,1131166.21,48620.32000000007,104.2982472045377,4.298247204537701,1,13560.76471264368,-18.533575072248247,-10.463121783876506,46872855.13,-7.784576003777355,49772410.39666667,-5.825627578729547,True,False,False,False,False,1,0,high budget utilization
2025-09,Sales,Client Entertainment,94,752148.22,733585.12,18563.099999999977,102.5304629952145,2.530462995214513,1,8001.576808510638,0.0092283472169323,12.800000000000006,46872855.13,-7.784576003777355,49772410.39666667,-5.825627578729547,True,False,False,False,False,1,0,high budget utilization
2025-09,Sales,Commissions,85,1104360.65,994622.1,109738.54999999992,111.03319039462323,11.033190394623238,1,12992.478235294117,-4.607945710500916,1.7964071856287425,46872855.13,-7.784576003777355,49772410.39666667,-5.825627578729547,True,False,False,False,False,1,0,high budget utilization
2025-09,Sales,Product Sales,59,1016538.54,,,,,0,17229.46677966102,-13.45259735091826,14.316469321851446,46872855.13,-7.784576003777355,49772410.39666667,-5.825627578729547,False,False,False,False,False,0,0,
2025-09,Sales,Service Revenue,52,1052212.59,,,,,0,20234.8575,1.361595064294641,7.958477508650525,46872855.13,-7.784576003777355,49772410.39666667,-5.825627578729547,False,False,False,False,False,0,0,
2025-09,Sales,Software,94,820758.47,781971.42,38787.04999999993,104.9601620990189,4.960162099018904,1,8731.473085106383,-1.7839020476681358,11.16951379763469,46872855.13,-7.784576003777355,49772410.39666667,-5.825627578729547,True,False,False,False,False,1,0,high budget utilization
2025-09,Sales,Subscription,49,830699.58,,,,,0,16953.052653061222,-23.973042146856315,-1.8909899888765265,46872855.13,-7.784576003777355,49772410.39666667,-5.825627578729547,False,True,False,False,False,1,0,high spending deviation
2025-09,Sales,Transaction Fees,59,1083965.15,,,,,0,18372.2906779661,-8.65618311828653,14.810810810810818,46872855.13,-7.784576003777355,49772410.39666667,-5.825627578729547,False,False,False,False,False,0,0,
2025-09,Sales,Travel,66,725385.04,726533.79,-1148.75,99.84188622527796,-0.1581137747220263,1,10990.682424242425,-19.893390119766774,-19.62110960757781,46872855.13,-7.784576003777355,49772410.39666667,-5.825627578729547,False,False,False,False,False,0,0,
2025-10,Customer Support,Outsourcing,73,703091.46,701381.57,1709.890000000014,100.24378884093008,0.2437888409300538,1,9631.389863013696,-21.773954999596835,-6.940509915014162,48992050.97,4.521158000984782,48898213.51333333,0.1919036503063319,True,True,False,False,False,2,1,"high budget utilization, high spending deviation"
2025-10,Customer Support,Product Sales,48,948705.58,,,,,0,19764.69958333333,-18.02892205216137,-4.635761589403978,48992050.97,4.521158000984782,48898213.51333333,0.1919036503063319,False,False,False,False,False,0,0,
2025-10,Customer Support,Service Revenue,56,1175167.84,,,,,0,20985.140000000003,7.582865118156433,19.008264462809912,48992050.97,4.521158000984782,48898213.51333333,0.1919036503063319,False,False,False,False,False,0,0,
2025-10,Customer Support,Software,63,546536.25,522970.15,23566.099999999977,104.50620365234995,4.506203652349943,1,8675.17857142857,-22.881139453336143,-15.937731653076352,48992050.97,4.521158000984782,48898213.51333333,0.1919036503063319,True,True,False,False,False,2,1,"high budget utilization, high spending deviation"
2025-10,Customer Support,Subscription,58,1285502.39,,,,,0,22163.834310344824,18.937564370840573,22.679200940070505,48992050.97,4.521158000984782,48898213.51333333,0.1919036503063319,False,False,True,False,False,1,0,high transaction deviation
2025-10,Customer Support,Support Tools,93,679956.1,630658.33,49297.77000000002,107.81687447147492,7.816874471474914,1,7311.355913978495,-9.902240004074809,16.008316008316,48992050.97,4.521158000984782,48898213.51333333,0.1919036503063319,True,False,False,False,False,1,0,high budget utilization
2025-10,Customer Support,Training,78,573794.58,529558.47,44236.10999999999,108.35339485741773,8.353394857417726,1,7356.340769230768,5.016790277678954,2.257829570284058,48992050.97,4.521158000984782,48898213.51333333,0.1919036503063319,True,False,False,False,False,1,0,high budget utilization
2025-10,Customer Support,Transaction Fees,49,872214.88,,,,,0,17800.30367346939,-18.416404474443297,2.3201856148491946,48992050.97,4.521158000984782,48898213.51333333,0.1919036503063319,False,False,False,False,False,0,0,
2025-10,Finance,Audit,46,262610.46,237037.6,25572.86000000001,110.78852468975388,10.788524689753867,1,5708.923043478261,-26.992488656007,-10.583153347732178,48992050.97,4.521158000984782,48898213.51333333,0.1919036503063319,True,True,False,False,False,2,1,"high budget utilization, high spending deviation"
2025-10,Finance,Bank Charges,57,267983.57,253191.42,14792.149999999994,105.84227933158242,5.842279331582403,1,4701.466140350877,14.725788934188593,11.159263271939327,48992050.97,4.521158000984782,48898213.51333333,0.1919036503063319,True,False,False,False,False,1,0,high budget utilization
2025-10,Finance,Product Sales,39,882057.39,,,,,0,22616.856153846154,28.012844254934937,25.581395348837205,48992050.97,4.521158000984782,48898213.51333333,0.1919036503063319,False,True,True,False,False,2,1,"high spending deviation, high transaction deviation"
2025-10,Finance,Professional Services,49,310232.71,316388.19,-6155.479999999981,98.05445329675548,-1.945546703244512,1,6331.279795918368,-14.34271871679766,5.755395683453232,48992050.97,4.521158000984782,48898213.51333333,0.1919036503063319,False,False,False,False,False,0,0,
2025-10,Finance,Service Revenue,39,715631.51,,,,,0,18349.5258974359,-2.1413046452949795,23.809523809523807,48992050.97,4.521158000984782,48898213.51333333,0.1919036503063319,False,False,True,False,False,1,0,high transaction deviation
2025-10,Finance,Software,48,332153.04,305551.75,26601.28999999998,108.70598515636058,8.705985156360576,1,6919.855,-0.5546528567057426,-6.290672451193056,48992050.97,4.521158000984782,48898213.51333333,0.1919036503063319,True,False,False,False,False,1,0,high budget utilization
2025-10,Finance,Subscription,32,718730.18,,,,,0,22460.318125,6.787689569895069,4.159132007233276,48992050.97,4.521158000984782,48898213.51333333,0.1919036503063319,False,False,False,False,False,0,0,
2025-10,Finance,Transaction Fees,35,777395.37,,,,,0,22211.296285714285,10.568210194045918,13.718411552346568,48992050.97,4.521158000984782,48898213.51333333,0.1919036503063319,False,False,False,False,False,0,0,
2025-10,HR,Benefits,50,289015.42,298616.55,-9601.130000000005,96.78479642203354,-3.2152035779664607,1,5780.3084,11.70278564540416,9.89010989010989,48992050.97,4.521158000984782,48898213.51333333,0.1919036503063319,False,False,False,False,False,0,0,
2025-10,HR,Product Sales,30,610612.73,,,,,0,20353.757666666665,-10.728777826740233,-0.9174311926605532,48992050.97,4.521158000984782,48898213.51333333,0.1919036503063319,False,False,False,False,False,0,0,
2025-10,HR,Recruitment,37,174083.57,164640.1,9443.47,105.735826205159,5.735826205159011,1,4704.961351351351,-27.812996701801374,-18.081180811808117,48992050.97,4.521158000984782,48898213.51333333,0.1919036503063319,True,True,False,False,False,2,1,"high budget utilization, high spending deviation"
2025-10,HR,Service Revenue,31,594740.58,,,,,0,19185.18,-13.042429879096613,1.8248175182481805,48992050.97,4.521158000984782,48898213.51333333,0.1919036503063319,False,False,False,False,False,0,0,
2025-10,HR,Software,51,259456.74,251829.87,7626.869999999995,103.02858036657842,3.028580366578435,1,5087.3870588235295,-2.113905965738676,8.639053254437872,48992050.97,4.521158000984782,48898213.51333333,0.1919036503063319,True,False,False,False,False,1,0,high budget utilization
2025-10,HR,Subscription,30,549777.21,,,,,0,18325.907,-15.12090362173475,5.468750000000005,48992050.97,4.521158000984782,48898213.51333333,0.1919036503063319,False,False,False,False,False,0,0,
2025-10,HR,Training,56,235229.77,214510.62,20719.149999999998,109.65879917740202,9.658799177402033,1,4200.531607142857,10.807188371292188,18.032786885245905,48992050.97,4.521158000984782,48898213.51333333,0.1919036503063319,True,False,False,False,False,1,0,high budget utilization
2025-10,HR,Transaction Fees,29,520319.42,,,,,0,17942.048965517242,-16.302272500714288,2.9585798816568003,48992050.97,4.521158000984782,48898213.51333333,0.1919036503063319,False,False,False,False,False,0,0,
2025-10,IT,Cloud Services,82,1308111.54,1371432.72,-63321.179999999935,95.38284459189512,-4.617155408104886,1,15952.57975609756,1.958600561706821,14.241486068111463,48992050.97,4.521158000984782,48898213.51333333,0.1919036503063319,False,False,False,False,False,0,0,
2025-10,IT,Cybersecurity,67,838350.99,809962.89,28388.099999999977,103.50486427841156,3.504864278411567,1,12512.70134328358,-20.348983835796417,-7.938931297709916,48992050.97,4.521158000984782,48898213.51333333,0.1919036503063319,True,True,False,False,False,2,1,"high budget utilization, high spending deviation"
2025-10,IT,Hardware,82,1347519.4,1242058.36,105461.0399999998,108.49082807993014,8.490828079930141,1,16433.163414634146,5.165149069998947,11.060948081264115,48992050.97,4.521158000984782,48898213.51333333,0.1919036503063319,True,False,False,False,False,1,0,high budget utilization
2025-10,IT,Product Sales,32,619902.2,,,,,0,19371.94375,-39.74975440722675,-29.411764705882355,48992050.97,4.521158000984782,48898213.51333333,0.1919036503063319,False,True,True,False,False,2,1,"high spending deviation, high transaction deviation"
2025-10,IT,Service Revenue,52,991924.32,,,,,0,19075.46769230769,-4.917268423738723,13.730255164034023,48992050.97,4.521158000984782,48898213.51333333,0.1919036503063319,False,False,False,False,False,0,0,
2025-10,IT,Software,77,921195.82,840735.81,80460.0099999999,109.5701894748601,9.57018947486011,1,11963.582077922078,-2.0324143643269137,11.954765751211642,48992050.97,4.521158000984782,48898213.51333333,0.1919036503063319,True,False,False,False,False,1,0,high budget utilization
2025-10,IT,Subscription,39,795527.38,,,,,0,20398.137948717947,-19.074615702256143,-12.79503105590062,48992050.97,4.521158000984782,48898213.51333333,0.1919036503063319,False,False,False,False,False,0,0,
2025-10,IT,Transaction Fees,58,991774.72,,,,,0,17099.564137931033,5.300283831738273,34.536082474226795,48992050.97,4.521158000984782,48898213.51333333,0.1919036503063319,False,False,True,False,False,1,0,high transaction deviation
2025-10,Marketing,Advertising,83,1314511.33,1211877.19,102634.14000000012,108.46902151859136,8.469021518591347,1,15837.48590361446,-11.917275875501664,-4.840764331210198,48992050.97,4.521158000984782,48898213.51333333,0.1919036503063319,True,False,False,False,False,1,0,high budget utilization
2025-10,Marketing,Content,86,800647.47,822874.79,-22227.320000000065,97.29882112441432,-2.701178875585685,1,9309.85430232558,-6.630395787323671,-2.946708463949846,48992050.97,4.521158000984782,48898213.51333333,0.1919036503063319,False,False,False,False,False,0,0,
2025-10,Marketing,Events,101,1194353.22,1094644.87,99708.34999999986,109.10873953120522,9.108739531205206,1,11825.279405940591,-2.2251841794921234,15.501905972045746,48992050.97,4.521158000984782,48898213.51333333,0.1919036503063319,True,False,False,False,False,1,0,high budget utilization
2025-10,Marketing,Product Sales,55,1341996.4,,,,,0,24399.934545454544,16.412509203057375,1.4344262295081982,48992050.97,4.521158000984782,48898213.51333333,0.1919036503063319,False,False,False,False,False,0,0,
2025-10,Marketing,Service Revenue,51,958790.6,,,,,0,18799.81568627451,-19.10436221333619,-6.134969325153379,48992050.97,4.521158000984782,48898213.51333333,0.1919036503063319,False,False,False,False,False,0,0,
2025-10,Marketing,Software,95,884766.52,858967.41,25799.109999999982,103.0035027755011,3.0035027755011083,1,9313.331789473685,-13.626529576626456,3.6992116434202513,48992050.97,4.521158000984782,48898213.51333333,0.1919036503063319,True,False,False,False,False,1,0,high budget utilization
2025-10,Marketing,Subscription,65,1443213.2,,,,,0,22203.28,18.57786233153115,16.650049850448656,48992050.97,4.521158000984782,48898213.51333333,0.1919036503063319,False,False,False,False,False,0,0,
2025-10,Marketing,Transaction Fees,41,794163.97,,,,,0,19369.852926829262,-30.83721941463951,-17.4496644295302,48992050.97,4.521158000984782,48898213.51333333,0.1919036503063319,False,True,False,False,False,1,0,high spending deviation
2025-10,Operations,Logistics,93,1487113.49,1450542.81,36570.679999999935,102.52117205696258,2.5211720569625884,1,15990.467634408602,-30.3213026433915,-7.768595041322309,48992050.97,4.521158000984782,48898213.51333333,0.1919036503063319,True,True,False,False,False,2,1,"high budget utilization, high spending deviation"
2025-10,Operations,Maintenance,111,1297845.62,1267004.51,30841.110000000102,102.43417523430917,2.434175234309158,1,11692.302882882885,-5.149679192077208,11.807498601007282,48992050.97,4.521158000984782,48898213.51333333,0.1919036503063319,True,False,False,False,False,1,0,high budget utilization
2025-10,Operations,Product Sales,63,1242199.11,,,,,0,19717.446190476192,-7.043954708833573,5.390334572490705,48992050.97,4.521158000984782,48898213.51333333,0.1919036503063319,False,False,False,False,False,0,0,
2025-10,Operations,Service Revenue,53,1159502.02,,,,,0,21877.396603773585,-7.211275927519411,-6.65362035225049,48992050.97,4.521158000984782,48898213.51333333,0.1919036503063319,False,False,False,False,False,0,0,
2025-10,Operations,Subscription,65,1071701.75,,,,,0,16487.71923076923,-23.00791559641045,6.363636363636359,48992050.97,4.521158000984782,48898213.51333333,0.1919036503063319,False,True,False,False,False,1,0,high spending deviation
2025-10,Operations,Supplies,85,828680.98,763750.5,64930.47999999998,108.5015302772306,8.501530277230586,1,9749.188,-26.620525529169623,-13.363533408833526,48992050.97,4.521158000984782,48898213.51333333,0.1919036503063319,True,True,False,False,False,2,1,"high budget utilization, high spending deviation"
2025-10,Operations,Transaction Fees,74,1899130.32,,,,,0,25663.923243243244,32.51559262729373,20.000000000000004,48992050.97,4.521158000984782,48898213.51333333,0.1919036503063319,False,True,True,False,False,2,1,"high spending deviation, high transaction deviation"
2025-10,Operations,Utilities,120,1609661.78,1628106.4,-18444.61999999988,98.86711212485868,-1.1328878751413225,1,13413.848166666668,11.15009980614142,23.499142367066888,48992050.97,4.521158000984782,48898213.51333333,0.1919036503063319,False,False,True,False,False,1,0,high transaction deviation
2025-10,Sales,Client Entertainment,73,628135.2,622020.66,6114.539999999921,100.98301236489476,0.983012364894748,1,8604.591780821916,-16.480136521861642,-12.399999999999997,48992050.97,4.521158000984782,48898213.51333333,0.1919036503063319,True,False,False,False,False,1,0,high budget utilization
2025-10,Sales,Commissions,82,1058976.54,1084765.39,-25788.84999999986,97.62263340647328,-2.377366593526722,1,12914.348048780488,-8.528117517600876,-1.7964071856287425,48992050.97,4.521158000984782,48898213.51333333,0.1919036503063319,False,False,False,False,False,0,0,
2025-10,Sales,Product Sales,55,1042333.81,,,,,0,18951.523818181817,-11.256405537933215,6.566200215285247,48992050.97,4.521158000984782,48898213.51333333,0.1919036503063319,False,False,False,False,False,0,0,
2025-10,Sales,Service Revenue,46,930410.64,,,,,0,20226.318260869564,-10.371813232921674,-4.498269896193767,48992050.97,4.521158000984782,48898213.51333333,0.1919036503063319,False,False,False,False,False,0,0,
2025-10,Sales,Software,86,811056.57,808599.88,2456.689999999944,100.30382022812071,0.3038202281207294,1,9430.890348837209,-2.944880332453587,1.7082785808147156,48992050.97,4.521158000984782,48898213.51333333,0.1919036503063319,True,False,False,False,False,1,0,high budget utilization
2025-10,Sales,Subscription,60,1081977.32,,,,,0,18032.95533333333,-0.9757003781109812,20.13348164627364,48992050.97,4.521158000984782,48898213.51333333,0.1919036503063319,False,False,True,False,False,1,0,high transaction deviation
2025-10,Sales,Transaction Fees,51,1078588.22,,,,,0,21148.78862745098,-9.109287454072405,-0.7567567567567507,48992050.97,4.521158000984782,48898213.51333333,0.1919036503063319,False,False,False,False,False,0,0,
2025-10,Sales,Travel,96,932989.77,975903.78,-42914.01000000001,95.60263922740415,-4.397360772595841,1,9718.6434375,3.0330698957322277,16.914749661705002,48992050.97,4.521158000984782,48898213.51333333,0.1919036503063319,False,False,False,False,False,0,0,
2025-11,Customer Support,Outsourcing,75,712532.0,723141.06,-10609.060000000056,98.53291970449028,-1.4670802955097106,1,9500.426666666666,-20.72359932201812,-4.390934844192633,46155511.35,-5.789795617531778,47340139.15,-2.502374985097603,False,True,False,False,False,1,0,high spending deviation
2025-11,Customer Support,Product Sales,61,1253776.81,,,,,0,20553.71819672131,8.330169852803513,21.192052980132445,46155511.35,-5.789795617531778,47340139.15,-2.502374985097603,False,False,True,False,False,1,0,high transaction deviation
2025-11,Customer Support,Service Revenue,48,987505.04,,,,,0,20573.021666666667,-9.597065282334762,2.00708382526564,46155511.35,-5.789795617531778,47340139.15,-2.502374985097603,False,False,False,False,False,0,0,
2025-11,Customer Support,Software,56,477032.46,434302.68,42729.78000000003,109.83870972198469,9.838709721984683,1,8518.436785714286,-32.68845431758277,-25.277983691623422,46155511.35,-5.789795617531778,47340139.15,-2.502374985097603,True,True,True,False,False,3,1,"high budget utilization, high spending deviation, high transaction deviation"
2025-11,Customer Support,Subscription,47,1031284.46,,,,,0,21942.22255319149,-4.583248697112445,-0.587544065804937,46155511.35,-5.789795617531778,47340139.15,-2.502374985097603,False,False,False,False,False,0,0,
2025-11,Customer Support,Support Tools,90,709762.81,726053.07,-16290.259999999893,97.75632654511055,-2.243673454889447,1,7886.253444444445,-5.952694138028233,12.26611226611226,46155511.35,-5.789795617531778,47340139.15,-2.502374985097603,False,False,False,False,False,0,0,
2025-11,Customer Support,Training,76,504874.73,488900.96,15973.76999999996,103.26728137330718,3.2672813733071746,1,6643.088552631579,-7.597029520721878,-0.3641660597232256,46155511.35,-5.789795617531778,47340139.15,-2.502374985097603,True,False,False,False,False,1,0,high budget utilization
2025-11,Customer Support,Transaction Fees,36,809949.53,,,,,0,22498.59805555556,-24.24046371275533,-24.825986078886302,46155511.35,-5.789795617531778,47340139.15,-2.502374985097603,False,True,True,False,False,2,1,"high spending deviation, high transaction deviation"
2025-11,Finance,Audit,52,323186.59,299866.9,23319.69,107.77668025380594,7.776680253805939,1,6215.126730769232,-10.15190851251159,1.07991360691145,46155511.35,-5.789795617531778,47340139.15,-2.502374985097603,True,False,False,False,False,1,0,high budget utilization
2025-11,Finance,Bank Charges,57,250728.34,234034.12,16694.22,107.13324193925229,7.133241939252278,1,4398.742807017544,7.338694736619391,11.159263271939327,46155511.35,-5.789795617531778,47340139.15,-2.502374985097603,True,False,False,False,False,1,0,high budget utilization
2025-11,Finance,Product Sales,25,448211.35,,,,,0,17928.453999999998,-34.95116033113885,-19.499105545617176,46155511.35,-5.789795617531778,47340139.15,-2.502374985097603,False,True,False,False,False,1,0,high spending deviation
2025-11,Finance,Professional Services,40,281148.72,262848.32,18300.399999999965,106.96234238818798,6.962342388187973,1,7028.717999999999,-22.37299867105473,-13.669064748201444,46155511.35,-5.789795617531778,47340139.15,-2.502374985097603,True,True,False,False,False,2,1,"high budget utilization, high spending deviation"
2025-11,Finance,Service Revenue,31,751206.35,,,,,0,24232.462903225805,2.723360173408114,-1.5873015873015872,46155511.35,-5.789795617531778,47340139.15,-2.502374985097603,False,False,False,False,False,0,0,
2025-11,Finance,Software,63,388414.91,406524.94,-18110.02999999997,95.5451613866544,-4.454838613345585,1,6165.316031746032,16.28993538816144,22.993492407809114,46155511.35,-5.789795617531778,47340139.15,-2.502374985097603,False,False,True,False,False,1,0,high transaction deviation
2025-11,Finance,Subscription,17,307548.82,,,,,0,18091.10705882353,-54.30492717343866,-44.66546112115732,46155511.35,-5.789795617531778,47340139.15,-2.502374985097603,False,True,True,False,False,2,1,"high spending deviation, high transaction deviation"
2025-11,Finance,Transaction Fees,23,446096.63,,,,,0,19395.505652173917,-36.55209709739392,-25.27075812274369,46155511.35,-5.789795617531778,47340139.15,-2.502374985097603,False,True,True,False,False,2,1,"high spending deviation, high transaction deviation"
2025-11,HR,Benefits,44,220909.53,200348.31,20561.22,110.26273693049868,10.26273693049869,1,5020.671136363636,-14.619746321435096,-3.296703296703297,46155511.35,-5.789795617531778,47340139.15,-2.502374985097603,True,False,False,False,False,1,0,high budget utilization
2025-11,HR,Product Sales,25,544176.87,,,,,0,21767.0748,-20.44166150397962,-17.431192660550458,46155511.35,-5.789795617531778,47340139.15,-2.502374985097603,False,True,False,False,False,1,0,high spending deviation
2025-11,HR,Recruitment,47,191886.74,173553.41,18333.329999999987,110.56350895093333,10.563508950933311,1,4082.696595744681,-20.43057978842817,4.0590405904059095,46155511.35,-5.789795617531778,47340139.15,-2.502374985097603,True,True,False,False,False,2,1,"high budget utilization, high spending deviation"
2025-11,HR,Service Revenue,24,494537.0,,,,,0,20605.70833333333,-27.693287962827085,-21.167883211678827,46155511.35,-5.789795617531778,47340139.15,-2.502374985097603,False,True,True,False,False,2,1,"high spending deviation, high transaction deviation"
2025-11,HR,Software,45,224755.76,206855.34,17900.420000000013,108.65359337593124,8.653593375931225,1,4994.572444444445,-15.205658337872158,-4.142011834319524,46155511.35,-5.789795617531778,47340139.15,-2.502374985097603,True,False,False,False,False,1,0,high budget utilization
2025-11,HR,Subscription,20,552581.59,,,,,0,27629.0795,-14.687940530555906,-29.687499999999996,46155511.35,-5.789795617531778,47340139.15,-2.502374985097603,False,False,True,False,False,1,0,high transaction deviation
2025-11,HR,Training,39,187627.46,178429.09,9198.369999999995,105.15519638641884,5.155196386418826,1,4810.960512820513,-11.616326012446937,-17.798594847775174,46155511.35,-5.789795617531778,47340139.15,-2.502374985097603,True,False,False,False,False,1,0,high budget utilization
2025-11,HR,Transaction Fees,24,397065.15,,,,,0,16544.381250000002,-36.128751980537245,-14.792899408284027,46155511.35,-5.789795617531778,47340139.15,-2.502374985097603,False,True,False,False,False,1,0,high spending deviation
2025-11,IT,Cloud Services,70,1104024.84,1051886.86,52137.97999999998,104.9566148207232,4.956614820723208,1,15771.783428571429,-13.948601300648804,-2.476780185758505,46155511.35,-5.789795617531778,47340139.15,-2.502374985097603,True,False,False,False,False,1,0,high budget utilization
2025-11,IT,Cybersecurity,72,942081.81,897866.18,44215.62999999989,104.92452338498816,4.92452338498816,1,13084.469583333332,-10.49360664998778,-1.0687022900763272,46155511.35,-5.789795617531778,47340139.15,-2.502374985097603,True,False,False,False,False,1,0,high budget utilization
2025-11,IT,Hardware,71,1075492.0,1016492.18,58999.81999999995,105.80425714637568,5.80425714637568,1,15147.774647887323,-16.06482511228312,-3.8374717832957046,46155511.35,-5.789795617531778,47340139.15,-2.502374985097603,True,False,False,False,False,1,0,high budget utilization
2025-11,IT,Product Sales,41,725090.74,,,,,0,17685.14,-29.52614918603984,-9.55882352941177,46155511.35,-5.789795617531778,47340139.15,-2.502374985097603,False,True,False,False,False,1,0,high spending deviation
2025-11,IT,Service Revenue,46,915899.06,,,,,0,19910.84913043478,-12.204809664380424,0.6075334143377903,46155511.35,-5.789795617531778,47340139.15,-2.502374985097603,False,False,False,False,False,0,0,
2025-11,IT,Software,62,753763.98,739950.46,13813.52000000002,101.866816867713,1.8668168677130117,1,12157.483548387096,-19.83850159053503,-9.854604200323092,46155511.35,-5.789795617531778,47340139.15,-2.502374985097603,True,False,False,False,False,1,0,high budget utilization
2025-11,IT,Subscription,35,735519.9,,,,,0,21014.85428571429,-25.178903878659558,-21.73913043478261,46155511.35,-5.789795617531778,47340139.15,-2.502374985097603,False,True,True,False,False,2,1,"high spending deviation, high transaction deviation"
2025-11,IT,Transaction Fees,38,806618.09,,,,,0,21226.791842105264,-14.358460537475075,-11.85567010309279,46155511.35,-5.789795617531778,47340139.15,-2.502374985097603,False,False,False,False,False,0,0,
2025-11,Marketing,Advertising,87,1337373.1,1358708.29,-21335.189999999944,98.4297446216362,-1.5702553783638094,1,15372.10459770115,-10.385355279649715,-0.2547770700637015,46155511.35,-5.789795617531778,47340139.15,-2.502374985097603,False,False,False,False,False,0,0,
2025-11,Marketing,Content,84,798903.51,812778.86,-13875.349999999977,98.29285053009376,-1.7071494699062395,1,9510.756071428572,-6.833772255824516,-5.203761755485896,46155511.35,-5.789795617531778,47340139.15,-2.502374985097603,False,False,False,False,False,0,0,
2025-11,Marketing,Events,85,1159061.97,1136409.8,22652.169999999925,101.9933099837752,1.9933099837752124,1,13636.023176470588,-5.114275455878098,-2.7954256670902144,46155511.35,-5.789795617531778,47340139.15,-2.502374985097603,True,False,False,False,False,1,0,high budget utilization
2025-11,Marketing,Product Sales,45,787013.6,,,,,0,17489.19111111111,-31.7299003537332,-17.008196721311474,46155511.35,-5.789795617531778,47340139.15,-2.502374985097603,False,True,False,False,False,1,0,high spending deviation
2025-11,Marketing,Service Revenue,50,962461.88,,,,,0,19249.2376,-18.79460684329666,-7.97546012269939,46155511.35,-5.789795617531778,47340139.15,-2.502374985097603,False,False,False,False,False,0,0,
2025-11,Marketing,Software,96,968665.03,926524.94,42140.09000000008,104.5481873375152,4.548187337515176,1,10090.260729166666,-5.436114016993717,4.790782292298359,46155511.35,-5.789795617531778,47340139.15,-2.502374985097603,True,False,False,False,False,1,0,high budget utilization
2025-11,Marketing,Subscription,40,852560.04,,,,,0,21314.001,-29.95161972431745,-28.215353938185444,46155511.35,-5.789795617531778,47340139.15,-2.502374985097603,False,True,True,False,False,2,1,"high spending deviation, high transaction deviation"
2025-11,Marketing,Transaction Fees,53,1314802.91,,,,,0,24807.602075471696,14.50459679922708,6.71140939597316,46155511.35,-5.789795617531778,47340139.15,-2.502374985097603,False,False,False,False,False,0,0,
2025-11,Operations,Logistics,102,2047932.77,2083778.19,-35845.419999999925,98.27978715911216,-1.720212840887826,1,20077.77225490196,-4.0441172465519575,1.1570247933884346,46155511.35,-5.789795617531778,47340139.15,-2.502374985097603,False,False,False,False,False,0,0,
2025-11,Operations,Maintenance,103,1307034.6,1236334.49,70700.1100000001,105.71852606004708,5.718526060047076,1,12689.656310679611,-4.478121891681508,3.749300503637388,46155511.35,-5.789795617531778,47340139.15,-2.502374985097603,True,False,False,False,False,1,0,high budget utilization
2025-11,Operations,Product Sales,66,1321810.33,,,,,0,20027.429242424245,-1.0865006159828623,10.4089219330855,46155511.35,-5.789795617531778,47340139.15,-2.502374985097603,False,False,False,False,False,0,0,
2025-11,Operations,Service Revenue,76,1577447.15,,,,,0,20755.88355263158,26.23462988039547,33.85518590998043,46155511.35,-5.789795617531778,47340139.15,-2.502374985097603,False,True,True,False,False,2,1,"high spending deviation, high transaction deviation"
2025-11,Operations,Subscription,57,1118205.36,,,,,0,19617.63789473684,-19.66705153027302,-6.727272727272732,46155511.35,-5.789795617531778,47340139.15,-2.502374985097603,False,False,False,False,False,0,0,
2025-11,Operations,Supplies,112,1181209.34,1153279.25,27930.090000000084,102.42179766955834,2.421797669558356,1,10546.511964285715,4.595764475294708,14.156285390713474,46155511.35,-5.789795617531778,47340139.15,-2.502374985097603,True,False,False,False,False,1,0,high budget utilization
2025-11,Operations,Transaction Fees,55,1017621.7,,,,,0,18502.212727272727,-28.99342334448428,-10.810810810810809,46155511.35,-5.789795617531778,47340139.15,-2.502374985097603,False,True,False,False,False,1,0,high spending deviation
2025-11,Operations,Utilities,99,1249595.72,1145531.87,104063.84999999986,109.08432604323788,9.084326043237876,1,12622.17898989899,-13.713122395608384,1.886792452830184,46155511.35,-5.789795617531778,47340139.15,-2.502374985097603,True,False,False,False,False,1,0,high budget utilization
2025-11,Sales,Client Entertainment,82,657937.4,617953.46,39983.94000000006,106.47038047169444,6.470380471694432,1,8023.626829268293,-12.517493327612728,-1.5999999999999943,46155511.35,-5.789795617531778,47340139.15,-2.502374985097603,True,False,False,False,False,1,0,high budget utilization
2025-11,Sales,Commissions,87,1212156.33,1266277.84,-54121.51000000001,95.72593720821963,-4.2740627917803575,1,13932.831379310346,4.703189523024009,4.191616766467066,46155511.35,-5.789795617531778,47340139.15,-2.502374985097603,False,False,False,False,False,0,0,
2025-11,Sales,Product Sales,48,1200270.98,,,,,0,25005.645416666663,2.190258122498661,-6.996770721205603,46155511.35,-5.789795617531778,47340139.15,-2.502374985097603,False,False,False,False,False,0,0,
2025-11,Sales,Service Revenue,43,797993.79,,,,,0,18557.99511627907,-23.127774582319176,-10.726643598615912,46155511.35,-5.789795617531778,47340139.15,-2.502374985097603,False,True,False,False,False,1,0,high spending deviation
2025-11,Sales,Software,77,630758.82,623162.81,7596.009999999893,101.21894469280024,1.218944692800248,1,8191.672987012987,-24.52021841526989,-8.935611038107755,46155511.35,-5.789795617531778,47340139.15,-2.502374985097603,True,True,False,False,False,2,1,"high budget utilization, high spending deviation"
2025-11,Sales,Subscription,52,1046911.83,,,,,0,20132.919807692306,-4.184950261600557,4.115684093437156,46155511.35,-5.789795617531778,47340139.15,-2.502374985097603,False,False,False,False,False,0,0,
2025-11,Sales,Transaction Fees,45,998308.03,,,,,0,22184.62288888889,-15.874356399867532,-12.432432432432428,46155511.35,-5.789795617531778,47340139.15,-2.502374985097603,False,False,False,False,False,0,0,
2025-11,Sales,Travel,89,1054185.09,1009435.64,44749.45000000007,104.43311571602524,4.433115716025251,1,11844.776292134831,16.41706002951005,8.38971583220568,46155511.35,-5.789795617531778,47340139.15,-2.502374985097603,True,False,False,False,False,1,0,high budget utilization
2025-12,Customer Support,Outsourcing,81,786715.14,792801.7,-6086.55999999994,99.23227208014312,-0.7677279198568747,1,9712.532592592594,-12.46997375826684,3.257790368271957,51121486.89,10.759225485213909,48756349.73666667,4.850931552725847,False,False,False,False,False,0,0,
2025-12,Customer Support,Product Sales,51,973050.3,,,,,0,19079.417647058825,-15.925463420940597,1.3245033112582734,51121486.89,10.759225485213909,48756349.73666667,4.850931552725847,False,False,False,False,False,0,0,
2025-12,Customer Support,Service Revenue,42,1099900.42,,,,,0,26188.105238095235,0.692373038615142,-10.743801652892564,51121486.89,10.759225485213909,48756349.73666667,4.850931552725847,False,False,False,False,False,0,0,
2025-12,Customer Support,Software,80,789876.57,749771.4,40105.169999999925,105.34898637104588,5.348986371045885,1,9873.457125,11.455335397985342,6.74573758339511,51121486.89,10.759225485213909,48756349.73666667,4.850931552725847,True,False,False,False,False,1,0,high budget utilization
2025-12,Customer Support,Subscription,60,1022894.37,,,,,0,17048.2395,-5.359518642010908,26.90951821386604,51121486.89,10.759225485213909,48756349.73666667,4.850931552725847,False,False,True,False,False,1,0,high transaction deviation
2025-12,Customer Support,Support Tools,67,659608.56,664924.54,-5315.979999999981,99.20051379063256,-0.7994862093674541,1,9844.903880597016,-12.598396087427073,-16.424116424116427,51121486.89,10.759225485213909,48756349.73666667,4.850931552725847,False,False,False,False,False,0,0,
2025-12,Customer Support,Training,76,446258.31,426787.67,19470.64000000001,104.56213742069916,4.562137420699154,1,5871.819868421053,-18.3250992873766,-0.3641660597232256,51121486.89,10.759225485213909,48756349.73666667,4.850931552725847,True,False,False,False,False,1,0,high budget utilization
2025-12,Customer Support,Transaction Fees,57,1199642.79,,,,,0,21046.364736842104,12.20993174813798,19.02552204176335,51121486.89,10.759225485213909,48756349.73666667,4.850931552725847,False,False,False,False,False,0,0,
2025-12,Finance,Audit,48,322762.79,307682.52,15080.26999999996,104.90124365856076,4.901243658560766,1,6724.2247916666665,-10.269727822936572,-6.69546436285097,51121486.89,10.759225485213909,48756349.73666667,4.850931552725847,True,False,False,False,False,1,0,high budget utilization
2025-12,Finance,Bank Charges,50,209191.91,201863.17,7328.739999999991,103.63054835609684,3.63054835609685,1,4183.8382,-10.44336444432106,-2.49187432286024,51121486.89,10.759225485213909,48756349.73666667,4.850931552725847,True,False,False,False,False,1,0,high budget utilization
2025-12,Finance,Product Sales,30,584201.85,,,,,0,19473.395,-15.214881383744364,-3.398926654740613,51121486.89,10.759225485213909,48756349.73666667,4.850931552725847,False,False,False,False,False,0,0,
2025-12,Finance,Professional Services,48,347185.65,353041.55,-5855.899999999965,98.34130005377556,-1.65869994622445,1,7233.034375,-4.139770175938446,3.5971223021582683,51121486.89,10.759225485213909,48756349.73666667,4.850931552725847,False,False,False,False,False,0,0,
2025-12,Finance,Service Revenue,32,677348.82,,,,,0,21167.150625,-7.376253142837546,1.5873015873015872,51121486.89,10.759225485213909,48756349.73666667,4.850931552725847,False,False,False,False,False,0,0,
2025-12,Finance,Software,58,350985.49,367277.4,-16291.910000000033,95.56414034732327,-4.4358596526767045,1,6051.473965517242,5.08371049474434,13.232104121475055,51121486.89,10.759225485213909,48756349.73666667,4.850931552725847,False,False,False,False,False,0,0,
2025-12,Finance,Subscription,28,570713.29,,,,,0,20382.6175,-15.204404459635326,-8.860759493670884,51121486.89,10.759225485213909,48756349.73666667,4.850931552725847,False,False,False,False,False,0,0,
2025-12,Finance,Transaction Fees,41,911009.8,,,,,0,22219.7512195122,29.57206454064132,33.21299638989169,51121486.89,10.759225485213909,48756349.73666667,4.850931552725847,False,True,True,False,False,2,1,"high spending deviation, high transaction deviation"
2025-12,HR,Benefits,51,293581.6,288212.58,5369.01999999996,101.8628680260938,1.862868026093781,1,5756.501960784313,13.467587764814713,12.087912087912088,51121486.89,10.759225485213909,48756349.73666667,4.850931552725847,True,False,False,False,False,1,0,high budget utilization
2025-12,HR,Product Sales,37,753018.97,,,,,0,20351.86405405405,10.09093074680777,22.20183486238532,51121486.89,10.759225485213909,48756349.73666667,4.850931552725847,False,False,True,False,False,1,0,high transaction deviation
2025-12,HR,Recruitment,46,205580.46,201803.99,3776.470000000001,101.87135546725314,1.8713554672531507,1,4469.140434782608,-14.752223061227498,1.845018450184507,51121486.89,10.759225485213909,48756349.73666667,4.850931552725847,True,False,False,False,False,1,0,high budget utilization
2025-12,HR,Service Revenue,30,548837.48,,,,,0,18294.582666666665,-19.75396457379802,-1.459854014598535,51121486.89,10.759225485213909,48756349.73666667,4.850931552725847,False,False,False,False,False,0,0,
2025-12,HR,Software,60,350744.15,354372.69,-3628.539999999979,98.9760666940785,-1.0239333059215086,1,5845.735833333334,32.32639417602743,27.810650887573967,51121486.89,10.759225485213909,48756349.73666667,4.850931552725847,False,True,True,False,False,2,1,"high spending deviation, high transaction deviation"
2025-12,HR,Subscription,28,553606.69,,,,,0,19771.6675,-14.52967721931869,-1.5624999999999944,51121486.89,10.759225485213909,48756349.73666667,4.850931552725847,False,False,False,False,False,0,0,
2025-12,HR,Training,48,178571.96,169775.27,8796.690000000002,105.18137299973075,5.181372999730764,1,3720.2491666666665,-15.882004180207066,1.1709601873536333,51121486.89,10.759225485213909,48756349.73666667,4.850931552725847,True,False,False,False,False,1,0,high budget utilization
2025-12,HR,Transaction Fees,36,748345.23,,,,,0,20787.3675,20.377584861103763,27.81065088757396,51121486.89,10.759225485213909,48756349.73666667,4.850931552725847,False,True,True,False,False,2,1,"high spending deviation, high transaction deviation"
2025-12,IT,Cloud Services,73,1200712.42,1137326.57,63385.84999999986,105.57323214562726,5.573232145627254,1,16448.115342465753,-6.412447045409947,1.702786377708987,51121486.89,10.759225485213909,48756349.73666667,4.850931552725847,True,False,False,False,False,1,0,high budget utilization
2025-12,IT,Cybersecurity,71,1042652.61,1013439.11,29213.5,102.8826102833154,2.882610283315393,1,14685.248028169011,-0.938460282895292,-2.442748091603045,51121486.89,10.759225485213909,48756349.73666667,4.850931552725847,True,False,False,False,False,1,0,high budget utilization
2025-12,IT,Hardware,72,1225830.32,1225068.5,761.8200000000652,100.06218591042054,0.0621859104205246,1,17025.42111111111,-4.331894340575337,-2.4830699774266303,51121486.89,10.759225485213909,48756349.73666667,4.850931552725847,True,False,False,False,False,1,0,high budget utilization
2025-12,IT,Product Sales,51,1019644.47,,,,,0,19993.02882352941,-0.8975452340496382,12.499999999999996,51121486.89,10.759225485213909,48756349.73666667,4.850931552725847,False,False,False,False,False,0,0,
2025-12,IT,Service Revenue,48,1138071.39,,,,,0,23709.820625,9.091927991031168,4.981773997569868,51121486.89,10.759225485213909,48756349.73666667,4.850931552725847,False,False,False,False,False,0,0,
2025-12,IT,Software,62,841611.96,797131.8,44480.15999999992,105.58002578745447,5.58002578745446,1,13574.386451612903,-10.496020527636922,-9.854604200323092,51121486.89,10.759225485213909,48756349.73666667,4.850931552725847,True,False,False,False,False,1,0,high budget utilization
2025-12,IT,Subscription,50,996816.02,,,,,0,19936.3204,1.4015626874432938,11.801242236024846,51121486.89,10.759225485213909,48756349.73666667,4.850931552725847,False,False,False,False,False,0,0,
2025-12,IT,Transaction Fees,36,683862.32,,,,,0,18996.175555555557,-27.391881497210356,-16.494845360824748,51121486.89,10.759225485213909,48756349.73666667,4.850931552725847,False,True,False,False,False,1,0,high spending deviation
2025-12,Marketing,Advertising,102,1432110.97,1413324.91,18786.060000000056,101.32921028045844,1.3292102804584445,1,14040.30362745098,-4.0371637677876056,16.94267515923566,51121486.89,10.759225485213909,48756349.73666667,4.850931552725847,True,False,False,False,False,1,0,high budget utilization
2025-12,Marketing,Content,80,796326.28,759502.85,36823.43000000005,104.84835968686625,4.848359686866225,1,9954.0785,-7.1343226904184505,-9.717868338557995,51121486.89,10.759225485213909,48756349.73666667,4.850931552725847,True,False,False,False,False,1,0,high budget utilization
2025-12,Marketing,Events,99,1297440.02,1221462.09,75977.92999999993,106.22024462502966,6.220244625029658,1,13105.454747474749,6.213938112592906,13.21473951715375,51121486.89,10.759225485213909,48756349.73666667,4.850931552725847,True,False,False,False,False,1,0,high budget utilization
2025-12,Marketing,Product Sales,65,1300836.1,,,,,0,20012.86307692308,12.842027342934218,19.877049180327877,51121486.89,10.759225485213909,48756349.73666667,4.850931552725847,False,False,False,False,False,0,0,
2025-12,Marketing,Service Revenue,67,1286478.33,,,,,0,19201.169104477613,8.5434974060782,23.31288343558282,51121486.89,10.759225485213909,48756349.73666667,4.850931552725847,False,False,True,False,False,1,0,high transaction deviation
2025-12,Marketing,Software,102,1002691.63,989650.95,13040.680000000051,101.31770499487725,1.3177049948772397,1,9830.310098039216,-2.114338766379624,11.340206185567006,51121486.89,10.759225485213909,48756349.73666667,4.850931552725847,True,False,False,False,False,1,0,high budget utilization
2025-12,Marketing,Subscription,58,1233745.22,,,,,0,21271.469310344823,1.3674700656456122,4.087736789631108,51121486.89,10.759225485213909,48756349.73666667,4.850931552725847,False,False,False,False,False,0,0,
2025-12,Marketing,Transaction Fees,48,1141262.82,,,,,0,23776.30875,-0.6087999561478878,-3.3557046979865723,51121486.89,10.759225485213909,48756349.73666667,4.850931552725847,False,False,False,False,False,0,0,
2025-12,Operations,Logistics,91,1819294.47,1857661.16,-38366.68999999994,97.93467771054652,-2.065322289453473,1,19992.246923076924,-14.756963990904644,-9.752066115702474,51121486.89,10.759225485213909,48756349.73666667,4.850931552725847,False,False,False,False,False,0,0,
2025-12,Operations,Maintenance,98,1188626.71,1185370.84,3255.869999999879,100.27467100506706,0.2746710050670622,1,12128.843979591837,-13.131713797850782,-1.287073307218796,51121486.89,10.759225485213909,48756349.73666667,4.850931552725847,True,False,False,False,False,1,0,high budget utilization
2025-12,Operations,Product Sales,59,1278562.6,,,,,0,21670.552542372883,-4.322807836183765,-1.301115241635689,51121486.89,10.759225485213909,48756349.73666667,4.850931552725847,False,False,False,False,False,0,0,
2025-12,Operations,Service Revenue,53,1117784.15,,,,,0,21090.266981132077,-10.549733180333536,-6.65362035225049,51121486.89,10.759225485213909,48756349.73666667,4.850931552725847,False,False,False,False,False,0,0,
2025-12,Operations,Subscription,67,1443604.22,,,,,0,21546.331641791043,3.70991551671727,9.63636363636363,51121486.89,10.759225485213909,48756349.73666667,4.850931552725847,False,False,False,False,False,0,0,
2025-12,Operations,Supplies,102,1166486.73,1137811.89,28674.840000000084,102.52017405091452,2.5201740509145223,1,11436.144411764706,3.292081380457658,3.96375990939977,51121486.89,10.759225485213909,48756349.73666667,4.850931552725847,True,False,False,False,False,1,0,high budget utilization
2025-12,Operations,Transaction Fees,76,1754376.9,,,,,0,23083.906578947368,22.41513504725384,23.24324324324325,51121486.89,10.759225485213909,48756349.73666667,4.850931552725847,False,True,True,False,False,2,1,"high spending deviation, high transaction deviation"
2025-12,Operations,Utilities,97,1335053.78,1301484.93,33568.85000000009,102.57927304621192,2.579273046211921,1,13763.441030927836,-7.812086528160984,-0.1715265866209311,51121486.89,10.759225485213909,48756349.73666667,4.850931552725847,True,False,False,False,False,1,0,high budget utilization
2025-12,Sales,Client Entertainment,90,690149.61,677346.47,12803.140000000014,101.8901907025514,1.890190702551386,1,7668.329,-8.234403665499984,8.000000000000005,51121486.89,10.759225485213909,48756349.73666667,4.850931552725847,True,False,False,False,False,1,0,high budget utilization
2025-12,Sales,Commissions,97,1397003.34,1408985.26,-11981.919999999924,99.149606433782,-0.8503935662179977,1,14402.096288659795,20.66983593800772,16.16766467065868,51121486.89,10.759225485213909,48756349.73666667,4.850931552725847,False,True,False,False,False,1,0,high spending deviation
2025-12,Sales,Product Sales,38,811061.56,,,,,0,21343.725263157896,-30.946768229257327,-26.3724434876211,51121486.89,10.759225485213909,48756349.73666667,4.850931552725847,False,True,True,False,False,2,1,"high spending deviation, high transaction deviation"
2025-12,Sales,Service Revenue,49,874571.58,,,,,0,17848.399591836733,-15.750893698486962,1.730103806228379,51121486.89,10.759225485213909,48756349.73666667,4.850931552725847,False,False,False,False,False,0,0,
2025-12,Sales,Software,77,642541.21,580262.67,62278.53999999992,110.7328186388416,10.732818638841598,1,8344.691038961038,-23.11027820429336,-8.935611038107755,51121486.89,10.759225485213909,48756349.73666667,4.850931552725847,True,True,False,False,False,2,1,"high budget utilization, high spending deviation"
2025-12,Sales,Subscription,55,1099036.47,,,,,0,19982.481272727277,0.585580389673263,10.122358175750838,51121486.89,10.759225485213909,48756349.73666667,4.850931552725847,False,False,False,False,False,0,0,
2025-12,Sales,Transaction Fees,65,1330326.87,,,,,0,20466.567230769237,12.104281217992169,26.48648648648649,51121486.89,10.759225485213909,48756349.73666667,4.850931552725847,False,False,True,False,False,1,0,high transaction deviation
2025-12,Sales,Travel,88,949281.21,974117.63,-24836.42000000004,97.45036746742792,-2.549632532572072,1,10787.286477272726,4.832186167095119,7.171853856562918,51121486.89,10.759225485213909,48756349.73666667,4.850931552725847,False,False,False,False,False,0,0,
2026-01,Customer Support,Outsourcing,104,1147719.45,1142805.33,4914.119999999879,100.43000499481394,0.4300049948139355,1,11035.763942307693,27.69541155220115,32.57790368271955,54181591.3,5.985945629055234,50486196.51333333,7.319614155704363,True,True,True,False,False,3,1,"high budget utilization, high spending deviation, high transaction deviation"
2026-01,Customer Support,Product Sales,50,1156798.79,,,,,0,23135.9758,-0.0490291360409023,-0.6622516556291438,54181591.3,5.985945629055234,50486196.51333333,7.319614155704363,False,False,False,False,False,0,0,
2026-01,Customer Support,Service Revenue,45,946242.09,,,,,0,21027.602,-13.374556661121334,-4.368358913813462,54181591.3,5.985945629055234,50486196.51333333,7.319614155704363,False,False,False,False,False,0,0,
2026-01,Customer Support,Software,63,619812.38,594336.25,25476.130000000005,104.28648429235136,4.286484292351343,1,9838.291746031746,-12.541529499066485,-15.937731653076352,54181591.3,5.985945629055234,50486196.51333333,7.319614155704363,True,False,False,False,False,1,0,high budget utilization
2026-01,Customer Support,Subscription,44,903315.19,,,,,0,20529.890681818182,-16.423252579263504,-6.933019976498239,54181591.3,5.985945629055234,50486196.51333333,7.319614155704363,False,False,False,False,False,0,0,
2026-01,Customer Support,Support Tools,72,610231.84,551629.36,58602.47999999998,110.62352446214972,10.623524462149728,1,8475.442222222222,-19.141071221815903,-10.187110187110193,54181591.3,5.985945629055234,50486196.51333333,7.319614155704363,True,False,False,False,False,1,0,high budget utilization
2026-01,Customer Support,Training,80,603224.83,602504.05,720.7799999999115,100.11963073111292,0.119630731112913,1,7540.310374999999,10.403161114555212,4.879825200291341,54181591.3,5.985945629055234,50486196.51333333,7.319614155704363,True,False,False,False,False,1,0,high budget utilization
2026-01,Customer Support,Transaction Fees,48,1010722.03,,,,,0,21056.708958333333,-5.460983095943528,0.2320185614849254,54181591.3,5.985945629055234,50486196.51333333,7.319614155704363,False,False,False,False,False,0,0,
2026-01,Finance,Audit,50,360809.51,357267.31,3542.200000000012,100.99147050425633,0.991470504256326,1,7216.1902,0.3075216209802001,-2.8077753779697594,54181591.3,5.985945629055234,50486196.51333333,7.319614155704363,True,False,False,False,False,1,0,high budget utilization
2026-01,Finance,Bank Charges,52,210644.31,190865.89,19778.419999999984,110.36246969010544,10.362469690105437,1,4050.852115384616,-9.821581042271395,1.408450704225351,54181591.3,5.985945629055234,50486196.51333333,7.319614155704363,True,False,False,False,False,1,0,high budget utilization
2026-01,Finance,Product Sales,32,626423.76,,,,,0,19575.7425,-9.08722251454552,3.0411449016100125,54181591.3,5.985945629055234,50486196.51333333,7.319614155704363,False,False,False,False,False,0,0,
2026-01,Finance,Professional Services,43,371688.83,389046.47,-17357.639999999956,95.53841472973654,-4.461585270263462,1,8643.926279069768,2.6257181621318275,-7.194244604316552,54181591.3,5.985945629055234,50486196.51333333,7.319614155704363,False,False,False,False,False,0,0,
2026-01,Finance,Service Revenue,32,809485.95,,,,,0,25296.4359375,10.69277675456741,1.5873015873015872,54181591.3,5.985945629055234,50486196.51333333,7.319614155704363,False,False,False,False,False,0,0,
2026-01,Finance,Software,41,262903.08,252334.35,10568.73000000001,104.18838338894408,4.188383388944077,1,6412.27024390244,-21.28782546852118,-19.95661605206073,54181591.3,5.985945629055234,50486196.51333333,7.319614155704363,True,True,False,False,False,2,1,"high budget utilization, high spending deviation"
2026-01,Finance,Subscription,33,645424.17,,,,,0,19558.30818181818,-4.103990865018105,7.414104882459316,54181591.3,5.985945629055234,50486196.51333333,7.319614155704363,False,False,False,False,False,0,0,
2026-01,Finance,Transaction Fees,45,1116566.04,,,,,0,24812.578666666668,58.80813466415871,46.20938628158844,54181591.3,5.985945629055234,50486196.51333333,7.319614155704363,False,True,True,False,False,2,1,"high spending deviation, high transaction deviation"
2026-01,HR,Benefits,43,231103.9,210482.27,20621.630000000005,109.7973240216385,9.7973240216385,1,5374.509302325581,-10.679681369537589,-5.494505494505495,54181591.3,5.985945629055234,50486196.51333333,7.319614155704363,True,False,False,False,False,1,0,high budget utilization
2026-01,HR,Product Sales,25,541600.16,,,,,0,21664.0064,-20.81837499124356,-17.431192660550458,54181591.3,5.985945629055234,50486196.51333333,7.319614155704363,False,True,False,False,False,1,0,high spending deviation
2026-01,HR,Recruitment,41,209340.15,195800.58,13539.570000000009,106.91497951640387,6.914979516403888,1,5105.857317073171,-13.193197390796888,-9.225092250922504,54181591.3,5.985945629055234,50486196.51333333,7.319614155704363,True,False,False,False,False,1,0,high budget utilization
2026-01,HR,Service Revenue,35,868469.37,,,,,0,24813.41057142857,26.97970960655114,14.963503649635044,54181591.3,5.985945629055234,50486196.51333333,7.319614155704363,False,True,False,False,False,1,0,high spending deviation
2026-01,HR,Software,50,255970.01,258079.76,-2109.75,99.18252016353394,-0.8174798364660599,1,5119.4002,-3.429356012062692,6.508875739644974,54181591.3,5.985945629055234,50486196.51333333,7.319614155704363,False,False,False,False,False,0,0,
2026-01,HR,Subscription,28,496325.39,,,,,0,17725.906785714287,-23.3732321992938,-1.5624999999999944,54181591.3,5.985945629055234,50486196.51333333,7.319614155704363,False,True,False,False,False,1,0,high spending deviation
2026-01,HR,Training,53,212593.77,218060.81,-5467.039999999979,97.49288283392144,-2.507117166078572,1,4011.20320754717,0.1442883651723548,11.709601873536304,54181591.3,5.985945629055234,50486196.51333333,7.319614155704363,False,False,False,False,False,0,0,
2026-01,HR,Transaction Fees,37,888440.69,,,,,0,24011.91054054054,42.91311050988135,31.360946745562124,54181591.3,5.985945629055234,50486196.51333333,7.319614155704363,False,True,True,False,False,2,1,"high spending deviation, high transaction deviation"
2026-01,IT,Cloud Services,68,1201198.91,1140623.95,60574.95999999996,105.3106863133989,5.310686313398905,1,17664.689852941174,-6.374528383223645,-5.263157894736834,54181591.3,5.985945629055234,50486196.51333333,7.319614155704363,True,False,False,False,False,1,0,high budget utilization
2026-01,IT,Cybersecurity,79,1033554.67,941982.14,91572.53000000004,109.72125968333116,9.721259683331157,1,13082.970506329117,-1.8028478420976135,8.549618320610698,54181591.3,5.985945629055234,50486196.51333333,7.319614155704363,True,False,False,False,False,1,0,high budget utilization
2026-01,IT,Hardware,75,1450513.04,1502137.6,-51624.560000000056,96.5632602499265,-3.436739750073499,1,19340.173866666668,13.20313464843427,1.5801354401805936,54181591.3,5.985945629055234,50486196.51333333,7.319614155704363,False,False,False,False,False,0,0,
2026-01,IT,Product Sales,50,1261034.44,,,,,0,25220.6888,22.563905582114856,10.294117647058815,54181591.3,5.985945629055234,50486196.51333333,7.319614155704363,False,True,False,False,False,1,0,high spending deviation
2026-01,IT,Service Revenue,66,1463708.97,,,,,0,22177.408636363634,40.30651763863988,44.34993924665857,54181591.3,5.985945629055234,50486196.51333333,7.319614155704363,False,True,True,False,False,2,1,"high spending deviation, high transaction deviation"
2026-01,IT,Software,53,630212.96,589576.41,40636.54999999993,106.8924993114972,6.892499311497204,1,11890.810566037737,-32.977939340290305,-22.940226171243932,54181591.3,5.985945629055234,50486196.51333333,7.319614155704363,True,True,True,False,False,3,1,"high budget utilization, high spending deviation, high transaction deviation"
2026-01,IT,Subscription,46,1032869.24,,,,,0,22453.679130434783,5.069092878134031,2.857142857142859,54181591.3,5.985945629055234,50486196.51333333,7.319614155704363,False,False,False,False,False,0,0,
2026-01,IT,Transaction Fees,42,922593.18,,,,,0,21966.504285714287,-2.044968725129426,-2.5773195876288733,54181591.3,5.985945629055234,50486196.51333333,7.319614155704363,False,False,False,False,False,0,0,
2026-01,Marketing,Advertising,92,1407768.96,1476148.38,-68379.41999999993,95.36771364407149,-4.632286355928524,1,15301.83652173913,-5.668272228043921,5.477707006369419,54181591.3,5.985945629055234,50486196.51333333,7.319614155704363,False,False,False,False,False,0,0,
2026-01,Marketing,Content,116,1089502.36,987975.06,101527.30000000005,110.27630191393698,10.27630191393698,1,9392.261724137932,27.05517466004959,30.909090909090903,54181591.3,5.985945629055234,50486196.51333333,7.319614155704363,True,True,True,False,False,3,1,"high budget utilization, high spending deviation, high transaction deviation"
2026-01,Marketing,Events,91,1288012.23,1340057.78,-52045.55000000005,96.11617119972244,-3.883828800277556,1,14153.980549450547,5.442139271673443,4.06607369758577,54181591.3,5.985945629055234,50486196.51333333,7.319614155704363,False,False,False,False,False,0,0,
2026-01,Marketing,Product Sales,69,1318799.57,,,,,0,19113.03724637681,14.40028235516364,27.25409836065574,54181591.3,5.985945629055234,50486196.51333333,7.319614155704363,False,False,True,False,False,1,0,high transaction deviation
2026-01,Marketing,Service Revenue,58,1344228.7,,,,,0,23176.35689655172,13.41604519030325,6.748466257668707,54181591.3,5.985945629055234,50486196.51333333,7.319614155704363,False,False,False,False,False,0,0,
2026-01,Marketing,Software,105,1196571.16,1166043.54,30527.61999999988,102.61805146658588,2.618051466585877,1,11395.915809523807,16.81274252751083,14.61491813220133,54181591.3,5.985945629055234,50486196.51333333,7.319614155704363,True,False,False,False,False,1,0,high budget utilization
2026-01,Marketing,Subscription,70,1488061.61,,,,,0,21258.023,22.262715398817456,25.62313060817548,54181591.3,5.985945629055234,50486196.51333333,7.319614155704363,False,True,True,False,False,2,1,"high spending deviation, high transaction deviation"
2026-01,Marketing,Transaction Fees,60,1340316.23,,,,,0,22338.60383333333,16.726521011130185,20.805369127516784,54181591.3,5.985945629055234,50486196.51333333,7.319614155704363,False,False,True,False,False,1,0,high transaction deviation
2026-01,Operations,Logistics,112,2236657.02,2337214.12,-100557.1000000001,95.6975657840027,-4.302434215997296,1,19970.151964285717,4.798556825083908,11.07438016528926,54181591.3,5.985945629055234,50486196.51333333,7.319614155704363,False,False,False,False,False,0,0,
2026-01,Operations,Maintenance,99,1253600.01,1173327.43,80272.58000000007,106.84144748921452,6.841447489214506,1,12662.626363636364,-8.383276654032851,-0.2797985450475594,54181591.3,5.985945629055234,50486196.51333333,7.319614155704363,True,False,False,False,False,1,0,high budget utilization
2026-01,Operations,Product Sales,57,1173218.31,,,,,0,20582.77736842105,-12.205914911027646,-4.646840148698886,54181591.3,5.985945629055234,50486196.51333333,7.319614155704363,False,False,False,False,False,0,0,
2026-01,Operations,Service Revenue,62,1402362.65,,,,,0,22618.75241935484,12.223556954564565,9.197651663405086,54181591.3,5.985945629055234,50486196.51333333,7.319614155704363,False,False,False,False,False,0,0,
2026-01,Operations,Subscription,56,1271814.52,,,,,0,22710.97357142857,-8.631621745928166,-8.363636363636369,54181591.3,5.985945629055234,50486196.51333333,7.319614155704363,False,False,False,False,False,0,0,
2026-01,Operations,Supplies,100,1149113.9,1195743.66,-46629.76000000001,96.10035482019616,-3.89964517980384,1,11491.139,1.7537220283809618,1.9252548131370293,54181591.3,5.985945629055234,50486196.51333333,7.319614155704363,False,False,False,False,False,0,0,
2026-01,Operations,Transaction Fees,62,1855280.64,,,,,0,29923.88129032258,29.45589405341323,0.5405405405405443,54181591.3,5.985945629055234,50486196.51333333,7.319614155704363,False,True,False,False,False,1,0,high spending deviation
2026-01,Operations,Utilities,92,1245812.23,1305091.56,-59279.33000000008,95.45784128739596,-4.542158712604047,1,13541.437282608696,-13.974379323206886,-5.317324185248718,54181591.3,5.985945629055234,50486196.51333333,7.319614155704363,False,False,False,False,False,0,0,
2026-01,Sales,Client Entertainment,80,656000.1799999999,683909.31,-27909.13000000012,95.91917676921229,-4.080823230787737,1,8200.00225,-12.775075373527567,-3.9999999999999942,54181591.3,5.985945629055234,50486196.51333333,7.319614155704363,False,False,False,False,False,0,0,
2026-01,Sales,Commissions,90,1171913.33,1095775.78,76137.55000000005,106.94827823261434,6.948278232614344,1,13021.259222222225,1.2270946071355155,7.784431137724551,54181591.3,5.985945629055234,50486196.51333333,7.319614155704363,True,False,False,False,False,1,0,high budget utilization
2026-01,Sales,Product Sales,53,1158764.24,,,,,0,21863.476226415096,-1.3435976026672003,2.6910656620021465,54181591.3,5.985945629055234,50486196.51333333,7.319614155704363,False,False,False,False,False,0,0,
2026-01,Sales,Service Revenue,43,947783.59,,,,,0,22041.478837209303,-8.698244659699952,-10.726643598615912,54181591.3,5.985945629055234,50486196.51333333,7.319614155704363,False,False,False,False,False,0,0,
2026-01,Sales,Software,91,822422.2,831240.66,-8818.46000000008,98.93912071144354,-1.0608792885564666,1,9037.606593406594,-1.5848117249740168,7.621550591327199,54181591.3,5.985945629055234,50486196.51333333,7.319614155704363,False,False,False,False,False,0,0,
2026-01,Sales,Subscription,55,1311211.33,,,,,0,23840.206,20.004163866887332,10.122358175750838,54181591.3,5.985945629055234,50486196.51333333,7.319614155704363,False,True,False,False,False,1,0,high spending deviation
2026-01,Sales,Transaction Fees,41,945686.4,,,,,0,23065.521951219514,-20.30868764634468,-20.21621621621621,54181591.3,5.985945629055234,50486196.51333333,7.319614155704363,False,True,True,False,False,2,1,"high spending deviation, high transaction deviation"
2026-01,Sales,Travel,83,1005148.83,1000811.26,4337.569999999949,100.4334053955388,0.43340539553881,1,12110.22686746988,11.001827658842886,1.0825439783491164,54181591.3,5.985945629055234,50486196.51333333,7.319614155704363,True,False,False,False,False,1,0,high budget utilization
2026-02,Customer Support,Outsourcing,77,866669.26,837302.12,29367.14000000001,103.50735287759692,3.50735287759692,1,11255.444935064936,-3.574268227883018,-1.841359773371103,51896912.08,-4.216707492679339,52399996.75666667,-0.9600853202393832,True,False,False,False,False,1,0,high budget utilization
2026-02,Customer Support,Product Sales,53,1316243.23,,,,,0,24834.7779245283,13.727460530636796,5.298013245033108,51896912.08,-4.216707492679339,52399996.75666667,-0.9600853202393832,False,False,False,False,False,0,0,
2026-02,Customer Support,Service Revenue,50,1253470.79,,,,,0,25069.4158,14.751250281082386,6.257378984651709,51896912.08,-4.216707492679339,52399996.75666667,-0.9600853202393832,False,False,False,False,False,0,0,
2026-02,Customer Support,Software,79,838442.89,800038.67,38404.21999999997,104.80029546571792,4.800295465717922,1,10613.201139240506,18.30827380663556,5.411415863602671,51896912.08,-4.216707492679339,52399996.75666667,-0.9600853202393832,True,False,False,False,False,1,0,high budget utilization
2026-02,Customer Support,Subscription,37,759410.78,,,,,0,20524.615675675675,-29.737611355074755,-21.73913043478261,51896912.08,-4.216707492679339,52399996.75666667,-0.9600853202393832,False,True,True,False,False,2,1,"high spending deviation, high transaction deviation"
2026-02,Customer Support,Support Tools,78,781916.96,704890.58,77026.38,110.92742365772573,10.927423657725717,1,10024.57641025641,3.608110286566204,-2.7027027027027084,51896912.08,-4.216707492679339,52399996.75666667,-0.9600853202393832,True,False,False,False,False,1,0,high budget utilization
2026-02,Customer Support,Training,69,500113.23,481705.76,18407.46999999997,103.82130992164178,3.8213099216417854,1,7248.017826086956,-8.468486770992817,-9.541150764748718,51896912.08,-4.216707492679339,52399996.75666667,-0.9600853202393832,True,False,False,False,False,1,0,high budget utilization
2026-02,Customer Support,Transaction Fees,54,1300247.42,,,,,0,24078.655925925923,21.62009847439044,12.76102088167054,51896912.08,-4.216707492679339,52399996.75666667,-0.9600853202393832,False,True,False,False,False,1,0,high spending deviation
2026-02,Finance,Audit,33,266566.62,269487.99,-2921.369999999996,98.9159554012036,-1.084044598796405,1,8077.776363636363,-25.892649007279186,-35.85313174946004,51896912.08,-4.216707492679339,52399996.75666667,-0.9600853202393832,False,True,True,False,False,2,1,"high spending deviation, high transaction deviation"
2026-02,Finance,Bank Charges,41,204585.94,208225.25,-3639.3099999999977,98.25222445404675,-1.7477755459532396,1,4989.900975609756,-12.415214965072034,-20.043336944745395,51896912.08,-4.216707492679339,52399996.75666667,-0.9600853202393832,False,False,True,False,False,1,0,high transaction deviation
2026-02,Finance,Product Sales,25,558011.55,,,,,0,22320.462000000003,-19.015875324614825,-19.499105545617176,51896912.08,-4.216707492679339,52399996.75666667,-0.9600853202393832,False,False,False,False,False,0,0,
2026-02,Finance,Professional Services,51,400023.38,417667.62,-17644.23999999999,95.7755307916855,-4.224469208314495,1,7843.59568627451,10.449072828320832,10.07194244604316,51896912.08,-4.216707492679339,52399996.75666667,-0.9600853202393832,False,False,False,False,False,0,0,
2026-02,Finance,Service Revenue,31,754510.4299999999,,,,,0,24339.046129032256,3.175175044091449,-1.5873015873015872,51896912.08,-4.216707492679339,52399996.75666667,-0.9600853202393832,False,False,False,False,False,0,0,
2026-02,Finance,Software,46,307428.61,311510.01,-4081.4000000000233,98.68980133254787,-1.3101986674521384,1,6683.230652173913,-7.957052438145908,-10.19522776572668,51896912.08,-4.216707492679339,52399996.75666667,-0.9600853202393832,False,False,False,False,False,0,0,
2026-02,Finance,Subscription,29,728778.77,,,,,0,25130.302413793102,8.280691727582603,-5.605786618444844,51896912.08,-4.216707492679339,52399996.75666667,-0.9600853202393832,False,False,False,False,False,0,0,
2026-02,Finance,Transaction Fees,22,376606.05,,,,,0,17118.456818181818,-46.43567674354767,-28.51985559566787,51896912.08,-4.216707492679339,52399996.75666667,-0.9600853202393832,False,True,True,False,False,2,1,"high spending deviation, high transaction deviation"
2026-02,HR,Benefits,42,239447.2,241779.85,-2332.649999999994,99.03521736819673,-0.9647826318032682,1,5701.1238095238095,-7.455044249915033,-7.6923076923076925,51896912.08,-4.216707492679339,52399996.75666667,-0.9600853202393832,False,False,False,False,False,0,0,
2026-02,HR,Product Sales,27,687757.62,,,,,0,25472.504444444443,0.549759741124897,-10.825688073394495,51896912.08,-4.216707492679339,52399996.75666667,-0.9600853202393832,False,False,False,False,False,0,0,
2026-02,HR,Recruitment,49,276974.9,283390.81,-6415.909999999974,97.73602044469968,-2.26397955530032,1,5652.548979591837,14.852814770619846,8.487084870848713,51896912.08,-4.216707492679339,52399996.75666667,-0.9600853202393832,False,False,False,False,False,0,0,
2026-02,HR,Service Revenue,26,654901.34,,,,,0,25188.513076923075,-4.246269532636241,-14.598540145985398,51896912.08,-4.216707492679339,52399996.75666667,-0.9600853202393832,False,False,False,False,False,0,0,
2026-02,HR,Software,44,287675.07,297779.71,-10104.640000000014,96.60667276491068,-3.393327235089326,1,6538.069772727273,8.532115809875322,-6.272189349112423,51896912.08,-4.216707492679339,52399996.75666667,-0.9600853202393832,False,False,False,False,False,0,0,
2026-02,HR,Subscription,23,509539.17,,,,,0,22153.876956521737,-21.333180909897514,-19.140624999999996,51896912.08,-4.216707492679339,52399996.75666667,-0.9600853202393832,False,True,False,False,False,1,0,high spending deviation
2026-02,HR,Training,36,152621.6,156428.44,-3806.839999999997,97.56640160830092,-2.433598391699103,1,4239.488888888889,-28.106164535517724,-24.12177985948477,51896912.08,-4.216707492679339,52399996.75666667,-0.9600853202393832,False,True,True,False,False,2,1,"high spending deviation, high transaction deviation"
2026-02,HR,Transaction Fees,29,744319.25,,,,,0,25666.18103448276,19.729972329252515,2.9585798816568003,51896912.08,-4.216707492679339,52399996.75666667,-0.9600853202393832,False,False,False,False,False,0,0,
2026-02,IT,Cloud Services,68,1105449.01,999754.06,105694.94999999995,110.57209510106917,10.57209510106915,1,16256.603088235292,-13.837596714478762,-5.263157894736834,51896912.08,-4.216707492679339,52399996.75666667,-0.9600853202393832,True,False,False,False,False,1,0,high budget utilization
2026-02,IT,Cybersecurity,69,1004165.1,939816.06,64349.03999999992,106.84698237653014,6.846982376530139,1,14553.117391304348,-4.59512594882353,-5.19083969465648,51896912.08,-4.216707492679339,52399996.75666667,-0.9600853202393832,True,False,False,False,False,1,0,high budget utilization
2026-02,IT,Hardware,79,1426063.19,1427241.26,-1178.0700000000652,99.91745824388512,-0.0825417561148747,1,18051.432784810127,11.29498243927934,6.997742663656892,51896912.08,-4.216707492679339,52399996.75666667,-0.9600853202393832,False,False,False,False,False,0,0,
2026-02,IT,Product Sales,43,1046074.01,,,,,0,24327.30255813953,1.6712249298633577,-5.147058823529417,51896912.08,-4.216707492679339,52399996.75666667,-0.9600853202393832,False,False,False,False,False,0,0,
2026-02,IT,Service Revenue,37,999592.81,,,,,0,27016.02189189189,-4.182191199031457,-19.07654921020656,51896912.08,-4.216707492679339,52399996.75666667,-0.9600853202393832,False,False,False,False,False,0,0,
2026-02,IT,Software,59,810114.34,743536.15,66578.18999999994,108.9542640260329,8.95426402603289,1,13730.751525423728,-13.845738055306434,-14.216478190630042,51896912.08,-4.216707492679339,52399996.75666667,-0.9600853202393832,True,False,False,False,False,1,0,high budget utilization
2026-02,IT,Subscription,54,1407976.81,,,,,0,26073.64462962963,43.22708092279801,20.745341614906835,51896912.08,-4.216707492679339,52399996.75666667,-0.9600853202393832,False,True,True,False,False,2,1,"high spending deviation, high transaction deviation"
2026-02,IT,Transaction Fees,44,1240662.81,,,,,0,28196.882045454546,31.72562619107894,2.061855670103085,51896912.08,-4.216707492679339,52399996.75666667,-0.9600853202393832,False,True,False,False,False,1,0,high spending deviation
2026-02,Marketing,Advertising,70,1127772.91,1019407.21,108365.69999999995,110.6302661916625,10.630266191662502,1,16111.04157142857,-24.43023666702616,-19.74522292993631,51896912.08,-4.216707492679339,52399996.75666667,-0.9600853202393832,True,True,False,False,False,2,1,"high budget utilization, high spending deviation"
2026-02,Marketing,Content,78,734812.78,680194.41,54618.37,108.02981753407823,8.029817534078235,1,9420.676666666666,-14.307880796755146,-11.974921630094046,51896912.08,-4.216707492679339,52399996.75666667,-0.9600853202393832,True,False,False,False,False,1,0,high budget utilization
2026-02,Marketing,Events,81,1038992.67,1035206.98,3785.690000000061,100.3656940180214,0.3656940180214068,1,12827.07,-14.943657163575342,-7.3697585768742035,51896912.08,-4.216707492679339,52399996.75666667,-0.9600853202393832,True,False,False,False,False,1,0,high budget utilization
2026-02,Marketing,Product Sales,48,912813.05,,,,,0,19016.938541666663,-20.817330371530144,-11.475409836065571,51896912.08,-4.216707492679339,52399996.75666667,-0.9600853202393832,False,True,False,False,False,1,0,high spending deviation
2026-02,Marketing,Service Revenue,56,1563956.08,,,,,0,27927.787142857145,31.95501140909247,3.0674846625766827,51896912.08,-4.216707492679339,52399996.75666667,-0.9600853202393832,False,True,False,False,False,1,0,high spending deviation
2026-02,Marketing,Software,87,899020.99,857398.52,41622.46999999997,104.8545068633895,4.854506863389497,1,10333.57459770115,-12.234966926916494,-5.033353547604611,51896912.08,-4.216707492679339,52399996.75666667,-0.9600853202393832,True,False,False,False,False,1,0,high budget utilization
2026-02,Marketing,Subscription,57,1402644.79,,,,,0,24607.803333333333,15.24466434249592,2.2931206380857443,51896912.08,-4.216707492679339,52399996.75666667,-0.9600853202393832,False,False,False,False,False,0,0,
2026-02,Marketing,Transaction Fees,44,1175916.42,,,,,0,26725.37318181818,2.4091401970585573,-11.40939597315436,51896912.08,-4.216707492679339,52399996.75666667,-0.9600853202393832,False,False,False,False,False,0,0,
2026-02,Operations,Logistics,79,3175667.95,3065627.21,110040.74000000022,103.58950167329706,3.589501673297068,1,40198.32848101266,48.79591065583794,-21.652892561983467,51896912.08,-4.216707492679339,52399996.75666667,-0.9600853202393832,True,True,True,False,False,3,1,"high budget utilization, high spending deviation, high transaction deviation"
2026-02,Operations,Maintenance,77,1087169.07,1052699.54,34469.53000000003,103.27439394530371,3.274393945303712,1,14119.078831168832,-20.54653228944821,-22.43984331281477,51896912.08,-4.216707492679339,52399996.75666667,-0.9600853202393832,True,True,True,False,False,3,1,"high budget utilization, high spending deviation, high transaction deviation"
2026-02,Operations,Product Sales,48,1204743.06,,,,,0,25098.81375,-9.846859856807958,-19.702602230483272,51896912.08,-4.216707492679339,52399996.75666667,-0.9600853202393832,False,False,False,False,False,0,0,
2026-02,Operations,Service Revenue,49,1109441.38,,,,,0,22641.660816326534,-11.217360291091088,-13.698630136986305,51896912.08,-4.216707492679339,52399996.75666667,-0.9600853202393832,False,False,False,False,False,0,0,
2026-02,Operations,Subscription,50,960926.1,,,,,0,19218.522,-30.96614482824897,-18.181818181818183,51896912.08,-4.216707492679339,52399996.75666667,-0.9600853202393832,False,True,False,False,False,1,0,high spending deviation
2026-02,Operations,Supplies,84,1063296.75,1009458.42,53838.32999999996,105.33338758024328,5.333387580243271,1,12658.294642857143,-5.845363167932359,-14.382785956964897,51896912.08,-4.216707492679339,52399996.75666667,-0.9600853202393832,True,False,False,False,False,1,0,high budget utilization
2026-02,Operations,Transaction Fees,70,1511925.17,,,,,0,21598.931,5.497583710143598,13.513513513513518,51896912.08,-4.216707492679339,52399996.75666667,-0.9600853202393832,False,False,False,False,False,0,0,
2026-02,Operations,Utilities,75,1101266.17,1020384.02,80882.1499999999,107.92663824743158,7.926638247431581,1,14683.548933333332,-23.95555002329304,-22.813036020583198,51896912.08,-4.216707492679339,52399996.75666667,-0.9600853202393832,True,True,True,False,False,3,1,"high budget utilization, high spending deviation, high transaction deviation"
2026-02,Sales,Client Entertainment,76,644624.21,655410.79,-10786.580000000076,98.35422605721824,-1.645773942781759,1,8481.8975,-14.287678808793403,-8.799999999999995,51896912.08,-4.216707492679339,52399996.75666667,-0.9600853202393832,False,False,False,False,False,0,0,
2026-02,Sales,Commissions,79,1028968.04,963285.58,65682.46000000008,106.81858644660704,6.818586446607047,1,13024.911898734175,-11.120180591512858,-5.389221556886228,51896912.08,-4.216707492679339,52399996.75666667,-0.9600853202393832,True,False,False,False,False,1,0,high budget utilization
2026-02,Sales,Product Sales,55,1214652.58,,,,,0,22084.59236363637,3.414697803790077,6.566200215285247,51896912.08,-4.216707492679339,52399996.75666667,-0.9600853202393832,False,False,False,False,False,0,0,
2026-02,Sales,Service Revenue,54,1226773.34,,,,,0,22718.024814814817,18.177356654468703,12.11072664359862,51896912.08,-4.216707492679339,52399996.75666667,-0.9600853202393832,False,False,False,False,False,0,0,
2026-02,Sales,Software,65,607323.6900000001,597486.65,9837.040000000035,101.64640331294432,1.6464033129443203,1,9343.441384615386,-27.324584264343148,-23.12746386333772,51896912.08,-4.216707492679339,52399996.75666667,-0.9600853202393832,True,True,True,False,False,3,1,"high budget utilization, high spending deviation, high transaction deviation"
2026-02,Sales,Subscription,55,1394447.01,,,,,0,25353.582,27.62202679542975,10.122358175750838,51896912.08,-4.216707492679339,52399996.75666667,-0.9600853202393832,False,True,False,False,False,1,0,high spending deviation
2026-02,Sales,Transaction Fees,53,1273628.23,,,,,0,24030.72132075472,7.326387584048118,3.1351351351351413,51896912.08,-4.216707492679339,52399996.75666667,-0.9600853202393832,False,False,False,False,False,0,0,
2026-02,Sales,Travel,65,629769.5,608931.7,20837.800000000047,103.42202581997292,3.4220258199729208,1,9688.761538461538,-30.452522634090258,-20.838971583220573,51896912.08,-4.216707492679339,52399996.75666667,-0.9600853202393832,True,True,True,False,False,3,1,"high budget utilization, high spending deviation, high transaction deviation"
2026-03,Customer Support,Outsourcing,106,1398603.52,1423506.93,-24903.40999999992,98.2505592719524,-1.7494407280475914,1,13194.37283018868,55.60880499564349,35.127478753541084,56759906.24,9.37048846471562,54279469.873333335,4.56975053819615,False,True,True,False,False,2,1,"high spending deviation, high transaction deviation"
2026-03,Customer Support,Product Sales,49,1104323.71,,,,,0,22537.21857142857,-4.583037329604045,-2.649006622516561,56759906.24,9.37048846471562,54279469.873333335,4.56975053819615,False,False,False,False,False,0,0,
2026-03,Customer Support,Service Revenue,45,1154027.07,,,,,0,25645.046,5.647495096965272,-4.368358913813462,56759906.24,9.37048846471562,54279469.873333335,4.56975053819615,False,False,False,False,False,0,0,
2026-03,Customer Support,Software,70,677519.1,676568.91,950.189999999944,100.14044245692575,0.1404424569257762,1,9678.844285714284,-4.398837239796625,-6.59747961452928,56759906.24,9.37048846471562,54279469.873333335,4.56975053819615,True,False,False,False,False,1,0,high budget utilization
2026-03,Customer Support,Subscription,33,942766.08,,,,,0,28568.66909090909,-12.773167752224063,-30.19976498237368,56759906.24,9.37048846471562,54279469.873333335,4.56975053819615,False,False,True,False,False,1,0,high transaction deviation
2026-03,Customer Support,Support Tools,78,727990.84,667801.37,60189.46999999997,109.0130797425588,9.013079742558777,1,9333.215897435895,-3.5373842788498004,-2.7027027027027084,56759906.24,9.37048846471562,54279469.873333335,4.56975053819615,True,False,False,False,False,1,0,high budget utilization
2026-03,Customer Support,Training,65,490276.94,480392.15,9884.78999999998,102.0576501926603,2.0576501926603044,1,7542.722153846154,-10.268740102142145,-14.785142024763283,56759906.24,9.37048846471562,54279469.873333335,4.56975053819615,True,False,False,False,False,1,0,high budget utilization
2026-03,Customer Support,Transaction Fees,57,1375375.78,,,,,0,24129.399649122806,28.64731375732441,19.02552204176335,56759906.24,9.37048846471562,54279469.873333335,4.56975053819615,False,True,False,False,False,1,0,high spending deviation
2026-03,Finance,Audit,66,551046.7,563601.42,-12554.720000000088,97.77241157412271,-2.227588425877296,1,8349.192424242423,53.19476688521814,28.29373650107992,56759906.24,9.37048846471562,54279469.873333335,4.56975053819615,False,True,True,False,False,2,1,"high spending deviation, high transaction deviation"
2026-03,Finance,Bank Charges,44,201458.61,208192.7,-6734.0899999999965,96.76545335163048,-3.2345466483695136,1,4578.6047727272735,-13.754048541725837,-14.19284940411701,56759906.24,9.37048846471562,54279469.873333335,4.56975053819615,False,False,False,False,False,0,0,
2026-03,Finance,Product Sales,20,491266.92,,,,,0,24563.346,-28.7025125229532,-35.59928443649375,56759906.24,9.37048846471562,54279469.873333335,4.56975053819615,False,True,True,False,False,2,1,"high spending deviation, high transaction deviation"
2026-03,Finance,Professional Services,47,391295.35,405641.0,-14345.650000000023,96.46346153372068,-3.536538466279302,1,8325.432978723404,8.039206632205563,1.4388489208633042,56759906.24,9.37048846471562,54279469.873333335,4.56975053819615,False,False,False,False,False,0,0,
2026-03,Finance,Service Revenue,26,874695.13,,,,,0,33642.12038461539,19.60977550431521,-17.46031746031746,56759906.24,9.37048846471562,54279469.873333335,4.56975053819615,False,False,False,False,False,0,0,
2026-03,Finance,Software,43,245038.33,230991.92,14046.409999999974,106.080909669914,6.080909669913984,1,5698.565813953488,-26.636463148845195,-16.052060737527114,56759906.24,9.37048846471562,54279469.873333335,4.56975053819615,True,True,False,False,False,2,1,"high budget utilization, high spending deviation"
2026-03,Finance,Subscription,37,841890.5700000001,,,,,0,22753.79918918919,25.086647733342737,20.433996383363475,56759906.24,9.37048846471562,54279469.873333335,4.56975053819615,False,True,True,False,False,2,1,"high spending deviation, high transaction deviation"
2026-03,Finance,Transaction Fees,38,1072291.31,,,,,0,28218.19236842105,52.510981578561314,23.46570397111913,56759906.24,9.37048846471562,54279469.873333335,4.56975053819615,False,True,True,False,False,2,1,"high spending deviation, high transaction deviation"
2026-03,HR,Benefits,36,174478.56,161827.85,12650.709999999992,107.81738742744218,7.817387427442181,1,4846.626666666667,-32.56504726495635,-20.87912087912088,56759906.24,9.37048846471562,54279469.873333335,4.56975053819615,True,True,True,False,False,3,1,"high budget utilization, high spending deviation, high transaction deviation"
2026-03,HR,Product Sales,37,986533.43,,,,,0,26663.065675675676,44.23060752578481,22.20183486238532,56759906.24,9.37048846471562,54279469.873333335,4.56975053819615,False,True,True,False,False,2,1,"high spending deviation, high transaction deviation"
2026-03,HR,Recruitment,45,241316.5,242009.01,-692.5100000000093,99.71384949676046,-0.286150503239532,1,5362.5888888888885,0.0663932926567771,-0.3690036900368951,56759906.24,9.37048846471562,54279469.873333335,4.56975053819615,False,False,False,False,False,0,0,
2026-03,HR,Service Revenue,24,619967.99,,,,,0,25831.99958333333,-9.3539069368017,-21.167883211678827,56759906.24,9.37048846471562,54279469.873333335,4.56975053819615,False,False,True,False,False,1,0,high transaction deviation
2026-03,HR,Software,45,280878.13,293089.09,-12210.96000000002,95.8337036701025,-4.166296329897514,1,6241.736222222223,5.967811995739552,-4.142011834319524,56759906.24,9.37048846471562,54279469.873333335,4.56975053819615,False,False,False,False,False,0,0,
2026-03,HR,Subscription,25,556637.53,,,,,0,22265.5012,-14.061751383565865,-12.109374999999996,56759906.24,9.37048846471562,54279469.873333335,4.56975053819615,False,False,False,False,False,0,0,
2026-03,HR,Training,51,274094.36,281629.92,-7535.559999999998,97.32430417904462,-2.6756958209553865,1,5374.399215686274,29.114717835369117,7.494145199063236,56759906.24,9.37048846471562,54279469.873333335,4.56975053819615,False,True,False,False,False,1,0,high spending deviation
2026-03,HR,Transaction Fees,17,319178.86,,,,,0,18775.22705882353,-48.6574126950467,-39.64497041420118,56759906.24,9.37048846471562,54279469.873333335,4.56975053819615,False,True,True,False,False,2,1,"high spending deviation, high transaction deviation"
2026-03,IT,Cloud Services,69,1351796.05,1340214.14,11581.910000000147,100.86418354010203,0.8641835401020429,1,19591.24710144928,5.363517779869951,-3.869969040247669,56759906.24,9.37048846471562,54279469.873333335,4.56975053819615,True,False,False,False,False,1,0,high budget utilization
2026-03,IT,Cybersecurity,74,1089791.92,1140472.42,-50680.5,95.55618363835576,-4.443816361644239,1,14726.917837837836,3.540205559414262,1.679389312977108,56759906.24,9.37048846471562,54279469.873333335,4.56975053819615,False,False,False,False,False,0,0,
2026-03,IT,Hardware,70,1147061.71,1143642.36,3419.3499999998603,100.2989877010152,0.2989877010151897,1,16386.595857142856,-10.47927345265834,-5.191873589164779,56759906.24,9.37048846471562,54279469.873333335,4.56975053819615,True,False,False,False,False,1,0,high budget utilization
2026-03,IT,Product Sales,48,1146756.05,,,,,0,23890.751041666663,11.456829234512416,5.882352941176465,56759906.24,9.37048846471562,54279469.873333335,4.56975053819615,False,False,False,False,False,0,0,
2026-03,IT,Service Revenue,51,1192570.93,,,,,0,23383.7437254902,14.31608171764785,11.543134872417983,56759906.24,9.37048846471562,54279469.873333335,4.56975053819615,False,False,False,False,False,0,0,
2026-03,IT,Software,69,1173174.54,1166695.2,6479.340000000084,100.55535841751986,0.555358417519853,1,17002.52956521739,24.765087636895043,0.323101777059783,56759906.24,9.37048846471562,54279469.873333335,4.56975053819615,True,True,False,False,False,2,1,"high budget utilization, high spending deviation"
2026-03,IT,Subscription,46,1045955.9,,,,,0,22738.171739130437,6.400339314521821,2.857142857142859,56759906.24,9.37048846471562,54279469.873333335,4.56975053819615,False,False,False,False,False,0,0,
2026-03,IT,Transaction Fees,33,854733.3,,,,,0,25901.00909090909,-9.249895893254562,-23.45360824742269,56759906.24,9.37048846471562,54279469.873333335,4.56975053819615,False,False,True,False,False,1,0,high transaction deviation
2026-03,Marketing,Advertising,87,1306554.47,1201063.08,105491.3899999999,108.78316815799548,8.78316815799549,1,15017.867471264368,-12.450448841213008,-0.2547770700637015,56759906.24,9.37048846471562,54279469.873333335,4.56975053819615,True,False,False,False,False,1,0,high budget utilization
2026-03,Marketing,Content,87,893233.58,882637.24,10596.339999999967,101.20053171561172,1.2005317156117237,1,10267.05264367816,4.166776214345568,-1.8181818181818212,56759906.24,9.37048846471562,54279469.873333335,4.56975053819615,True,False,False,False,False,1,0,high budget utilization
2026-03,Marketing,Events,89,1178480.45,1111463.15,67017.30000000005,106.02964659692049,6.02964659692047,1,13241.353370786515,-3.5245963946752368,1.7789072426937755,56759906.24,9.37048846471562,54279469.873333335,4.56975053819615,True,False,False,False,False,1,0,high budget utilization
2026-03,Marketing,Product Sales,47,1159063.19,,,,,0,24660.91893617021,0.5438272955128953,-13.31967213114754,56759906.24,9.37048846471562,54279469.873333335,4.56975053819615,False,False,False,False,False,0,0,
2026-03,Marketing,Service Revenue,57,1426057.0,,,,,0,25018.54385964912,20.320110079444284,4.907975460122695,56759906.24,9.37048846471562,54279469.873333335,4.56975053819615,False,True,False,False,False,1,0,high spending deviation
2026-03,Marketing,Software,116,1410935.55,1416496.37,-5560.820000000065,99.60742433812236,-0.3925756618776273,1,12163.2375,37.739615189339766,26.62219526986052,56759906.24,9.37048846471562,54279469.873333335,4.56975053819615,False,True,True,False,False,2,1,"high spending deviation, high transaction deviation"
2026-03,Marketing,Subscription,49,1176582.98,,,,,0,24011.897551020407,-3.3291168456173548,-12.063808574277166,56759906.24,9.37048846471562,54279469.873333335,4.56975053819615,False,False,False,False,False,0,0,
2026-03,Marketing,Transaction Fees,57,1263879.56,,,,,0,22173.32561403509,10.069743776719008,14.765100671140946,56759906.24,9.37048846471562,54279469.873333335,4.56975053819615,False,False,False,False,False,0,0,
2026-03,Operations,Logistics,107,2359074.26,2468680.5,-109606.24000000022,95.5601285788096,-4.439871421190398,1,22047.4229906542,10.53441617579916,6.115702479338848,56759906.24,9.37048846471562,54279469.873333335,4.56975053819615,False,False,False,False,False,0,0,
2026-03,Operations,Maintenance,108,1562979.75,1467526.28,95453.46999999996,106.50437891987868,6.504378919878693,1,14472.034722222224,14.227091742842996,8.785674314493571,56759906.24,9.37048846471562,54279469.873333335,4.56975053819615,True,False,False,False,False,1,0,high budget utilization
2026-03,Operations,Product Sales,64,1603934.0,,,,,0,25061.46875,20.025332772973663,7.063197026022304,56759906.24,9.37048846471562,54279469.873333335,4.56975053819615,False,True,False,False,False,1,0,high spending deviation
2026-03,Operations,Service Revenue,61,1507799.72,,,,,0,24718.028196721312,20.661119827668337,7.436399217221133,56759906.24,9.37048846471562,54279469.873333335,4.56975053819615,False,True,False,False,False,1,0,high spending deviation
2026-03,Operations,Subscription,59,1416363.28,,,,,0,24006.157288135597,1.7529001887931397,-3.4545454545454595,56759906.24,9.37048846471562,54279469.873333335,4.56975053819615,False,False,False,False,False,0,0,
2026-03,Operations,Supplies,99,1119835.44,1056153.55,63681.8899999999,106.02960525957612,6.029605259576119,1,11311.46909090909,-0.8388776088343458,0.9060022650056592,56759906.24,9.37048846471562,54279469.873333335,4.56975053819615,True,False,False,False,False,1,0,high budget utilization
2026-03,Operations,Transaction Fees,77,1828053.51,,,,,0,23740.95467532468,27.556066943344053,24.86486486486487,56759906.24,9.37048846471562,54279469.873333335,4.56975053819615,False,True,True,False,False,2,1,"high spending deviation, high transaction deviation"
2026-03,Operations,Utilities,118,1901670.98,1763682.84,137988.1399999999,107.82386361484356,7.823863614843579,1,16115.855762711864,31.313870933459548,21.44082332761577,56759906.24,9.37048846471562,54279469.873333335,4.56975053819615,True,True,True,False,False,3,1,"high budget utilization, high spending deviation, high transaction deviation"
2026-03,Sales,Client Entertainment,80,806796.66,736437.45,70359.21000000008,109.55399674473374,9.55399674473373,1,10084.95825,7.275546566755084,-3.9999999999999942,56759906.24,9.37048846471562,54279469.873333335,4.56975053819615,True,False,False,False,False,1,0,high budget utilization
2026-03,Sales,Commissions,102,1444868.24,1350044.76,94823.47999999998,107.02372860585749,7.023728605857481,1,14165.374901960784,24.80429250286399,22.15568862275449,56759906.24,9.37048846471562,54279469.873333335,4.56975053819615,True,True,True,False,False,3,1,"high budget utilization, high spending deviation, high transaction deviation"
2026-03,Sales,Product Sales,50,1144531.37,,,,,0,22890.6274,-2.555374512514658,-3.121636167922503,56759906.24,9.37048846471562,54279469.873333335,4.56975053819615,False,False,False,False,False,0,0,
2026-03,Sales,Service Revenue,49,1068384.44,,,,,0,21803.764081632653,2.91945944143586,1.730103806228379,56759906.24,9.37048846471562,54279469.873333335,4.56975053819615,False,False,False,False,False,0,0,
2026-03,Sales,Software,103,1072508.94,1061905.18,10603.76000000001,100.9985599655894,0.9985599655893956,1,10412.708155339806,28.34182887663848,21.81340341655716,56759906.24,9.37048846471562,54279469.873333335,4.56975053819615,True,True,True,False,False,3,1,"high budget utilization, high spending deviation, high transaction deviation"
2026-03,Sales,Subscription,53,1148335.53,,,,,0,21666.708113207547,5.097509427628966,6.117908787541716,56759906.24,9.37048846471562,54279469.873333335,4.56975053819615,False,False,False,False,False,0,0,
2026-03,Sales,Transaction Fees,54,1156689.1,,,,,0,21420.16851851852,-2.5278650891368803,5.081081081081088,56759906.24,9.37048846471562,54279469.873333335,4.56975053819615,False,False,False,False,False,0,0,
2026-03,Sales,Travel,73,808502.52,796729.06,11773.459999999965,101.47772443495408,1.4777244349540812,1,11075.37698630137,-10.714458686898954,-11.096075778078488,56759906.24,9.37048846471562,54279469.873333335,4.56975053819615,True,False,False,False,False,1,0,high budget utilization
2026-04,Customer Support,Outsourcing,75,857198.18,802714.48,54483.70000000007,106.78743206426276,6.78743206426276,1,11429.309066666669,-4.62802178973458,-4.390934844192633,55304473.78,-2.5641910926454736,54653764.03333334,1.1906037181076758,True,False,False,False,False,1,0,high budget utilization
2026-04,Customer Support,Product Sales,42,990729.71,,,,,0,23588.80261904762,-14.39790805947451,-16.556291390728482,55304473.78,-2.5641910926454736,54653764.03333334,1.1906037181076758,False,False,False,False,False,0,0,
2026-04,Customer Support,Service Revenue,50,1298712.63,,,,,0,25974.252600000003,18.892996340451425,6.257378984651709,55304473.78,-2.5641910926454736,54653764.03333334,1.1906037181076758,False,False,False,False,False,0,0,
2026-04,Customer Support,Software,72,701914.64,646272.84,55641.80000000005,108.60964542467856,8.609645424678538,1,9748.814444444444,-0.9565106837437324,-3.9288361749444016,55304473.78,-2.5641910926454736,54653764.03333334,1.1906037181076758,True,False,False,False,False,1,0,high budget utilization
2026-04,Customer Support,Subscription,47,1061911.87,,,,,0,22593.869574468088,-1.7495320298201,-0.587544065804937,55304473.78,-2.5641910926454736,54653764.03333334,1.1906037181076758,False,False,False,False,False,0,0,
2026-04,Customer Support,Support Tools,84,895149.15,857457.05,37692.09999999998,104.39580034941692,4.395800349416915,1,10656.5375,18.611971092334407,4.781704781704776,55304473.78,-2.5641910926454736,54653764.03333334,1.1906037181076758,True,False,False,False,False,1,0,high budget utilization
2026-04,Customer Support,Training,76,582871.03,574070.7,8800.330000000075,101.53296971958336,1.5329697195833327,1,7669.355657894737,6.6779764919437286,-0.3641660597232256,55304473.78,-2.5641910926454736,54653764.03333334,1.1906037181076758,True,False,False,False,False,1,0,high budget utilization
2026-04,Customer Support,Transaction Fees,38,777430.52,,,,,0,20458.697894736844,-27.282165728583745,-20.649651972157766,55304473.78,-2.5641910926454736,54653764.03333334,1.1906037181076758,False,True,True,False,False,2,1,"high spending deviation, high transaction deviation"
2026-04,Finance,Audit,44,292820.14,280462.84,12357.299999999988,104.40603824734856,4.406038247348556,1,6655.003181818182,-18.5939901525643,-14.470842332613389,55304473.78,-2.5641910926454736,54653764.03333334,1.1906037181076758,True,False,False,False,False,1,0,high budget utilization
2026-04,Finance,Bank Charges,57,260959.48,240558.91,20400.570000000007,108.48048820972794,8.480488209727923,1,4578.23649122807,11.718722990575914,11.159263271939327,55304473.78,-2.5641910926454736,54653764.03333334,1.1906037181076758,True,False,False,False,False,1,0,high budget utilization
2026-04,Finance,Product Sales,33,790722.5599999999,,,,,0,23961.289696969696,14.757435366131268,6.261180679785326,55304473.78,-2.5641910926454736,54653764.03333334,1.1906037181076758,False,False,False,False,False,0,0,
2026-04,Finance,Professional Services,66,571050.75,566602.59,4448.160000000033,100.7850581833733,0.7850581833732939,1,8652.28409090909,57.67084882742911,42.446043165467614,55304473.78,-2.5641910926454736,54653764.03333334,1.1906037181076758,True,True,True,False,False,3,1,"high budget utilization, high spending deviation, high transaction deviation"
2026-04,Finance,Service Revenue,19,509550.43,,,,,0,26818.443684210524,-30.32176532133284,-39.68253968253968,55304473.78,-2.5641910926454736,54653764.03333334,1.1906037181076758,False,True,True,False,False,2,1,"high spending deviation, high transaction deviation"
2026-04,Finance,Software,42,311540.26,320797.87,-9257.609999999986,97.11419218587704,-2.885807814122951,1,7417.625238095238,-6.726040186739965,-18.004338394793926,55304473.78,-2.5641910926454736,54653764.03333334,1.1906037181076758,False,False,False,False,False,0,0,
2026-04,Finance,Subscription,34,833856.61,,,,,0,24525.194411764707,23.892975823674263,10.669077757685356,55304473.78,-2.5641910926454736,54653764.03333334,1.1906037181076758,False,True,False,False,False,1,0,high spending deviation
2026-04,Finance,Transaction Fees,33,743790.63,,,,,0,22539.11,5.788639721641044,7.220216606498192,55304473.78,-2.5641910926454736,54653764.03333334,1.1906037181076758,False,False,False,False,False,0,0,
2026-04,HR,Benefits,48,349589.99,322736.84,26853.149999999965,108.320447705939,8.320447705938982,1,7283.124791666666,35.11450605905036,5.494505494505495,55304473.78,-2.5641910926454736,54653764.03333334,1.1906037181076758,True,True,False,False,False,2,1,"high budget utilization, high spending deviation"
2026-04,HR,Product Sales,27,696417.76,,,,,0,25793.25037037037,1.815867118204204,-10.825688073394495,55304473.78,-2.5641910926454736,54653764.03333334,1.1906037181076758,False,False,False,False,False,0,0,
2026-04,HR,Recruitment,51,305814.87,293297.69,12517.179999999991,104.26773903333503,4.267739033335037,1,5996.37,26.81184691541069,12.915129151291518,55304473.78,-2.5641910926454736,54653764.03333334,1.1906037181076758,True,True,False,False,False,2,1,"high budget utilization, high spending deviation"
2026-04,HR,Service Revenue,36,915107.97,,,,,0,25419.665833333333,33.798782436323,18.24817518248176,55304473.78,-2.5641910926454736,54653764.03333334,1.1906037181076758,False,True,False,False,False,1,0,high spending deviation
2026-04,HR,Software,46,232729.81,233995.19,-1265.3800000000049,99.45922820037454,-0.5407717996254559,1,5059.343695652174,-12.197262378939271,-2.011834319526624,55304473.78,-2.5641910926454736,54653764.03333334,1.1906037181076758,False,False,False,False,False,0,0,
2026-04,HR,Subscription,25,716812.11,,,,,0,28672.4844,10.667308617244569,-12.109374999999996,55304473.78,-2.5641910926454736,54653764.03333334,1.1906037181076758,False,False,False,False,False,0,0,
2026-04,HR,Training,38,188875.26,185071.03,3804.2300000000105,102.05555131994456,2.05555131994457,1,4970.401578947369,-11.02853812467363,-19.906323185011708,55304473.78,-2.5641910926454736,54653764.03333334,1.1906037181076758,True,False,False,False,False,1,0,high budget utilization
2026-04,HR,Transaction Fees,28,595611.41,,,,,0,21271.836071428574,-4.190926624177624,-0.5917159763313651,55304473.78,-2.5641910926454736,54653764.03333334,1.1906037181076758,False,False,False,False,False,0,0,
2026-04,IT,Cloud Services,60,1255713.36,1270937.14,-15223.779999999795,98.80216105731242,-1.1978389426875822,1,20928.556,-2.125489320093632,-16.40866873065015,55304473.78,-2.5641910926454736,54653764.03333334,1.1906037181076758,False,False,False,False,False,0,0,
2026-04,IT,Cybersecurity,84,1255471.77,1139386.94,116084.83000000007,110.18835883795543,10.188358837955445,1,14946.0925,19.28130751771556,15.419847328244284,55304473.78,-2.5641910926454736,54653764.03333334,1.1906037181076758,True,False,False,False,False,1,0,high budget utilization
2026-04,IT,Hardware,56,1004117.38,932650.87,71466.51000000001,107.6627291410772,7.662729141077198,1,17930.6675,-21.63515126277456,-24.153498871331823,55304473.78,-2.5641910926454736,54653764.03333334,1.1906037181076758,True,True,True,False,False,3,1,"high budget utilization, high spending deviation, high transaction deviation"
2026-04,IT,Product Sales,46,1097758.87,,,,,0,23864.32326086957,6.694639120727834,1.4705882352941124,55304473.78,-2.5641910926454736,54653764.03333334,1.1906037181076758,False,False,False,False,False,0,0,
2026-04,IT,Service Revenue,48,1212404.1,,,,,0,25258.41875,16.21722673586494,4.981773997569868,55304473.78,-2.5641910926454736,54653764.03333334,1.1906037181076758,False,False,False,False,False,0,0,
2026-04,IT,Software,66,1008922.55,1004336.58,4585.9700000000885,100.45661684452438,0.4566168445243813,1,15286.705303030303,7.297171970327298,-4.038772213247164,55304473.78,-2.5641910926454736,54653764.03333334,1.1906037181076758,True,False,False,False,False,1,0,high budget utilization
2026-04,IT,Subscription,62,1450774.5,,,,,0,23399.58870967742,47.58069538960078,38.63354037267081,55304473.78,-2.5641910926454736,54653764.03333334,1.1906037181076758,False,True,True,False,False,2,1,"high spending deviation, high transaction deviation"
2026-04,IT,Transaction Fees,61,1444510.25,,,,,0,23680.495901639344,53.36884098321766,41.49484536082473,55304473.78,-2.5641910926454736,54653764.03333334,1.1906037181076758,False,True,True,False,False,2,1,"high spending deviation, high transaction deviation"
2026-04,Marketing,Advertising,77,2654035.5,2682854.36,-28818.85999999987,98.92581347576392,-1.0741865242360704,1,34467.993506493505,77.84150765982747,-11.719745222929944,55304473.78,-2.5641910926454736,54653764.03333334,1.1906037181076758,False,True,False,False,False,1,1,high spending deviation
2026-04,Marketing,Content,78,748534.08,777671.28,-29137.20000000007,96.2532755485068,-3.74672445149319,1,9596.590769230768,-12.70773541656255,-11.974921630094046,55304473.78,-2.5641910926454736,54653764.03333334,1.1906037181076758,False,False,False,False,False,0,0,
2026-04,Marketing,Events,90,1264659.29,1263414.35,1244.939999999944,100.0985377441692,0.0985377441691986,1,14051.76988888889,3.5303686420707816,2.922490470139773,55304473.78,-2.5641910926454736,54653764.03333334,1.1906037181076758,True,False,False,False,False,1,0,high budget utilization
2026-04,Marketing,Product Sales,49,1058458.38,,,,,0,21601.19142857143,-8.183214274789991,-9.631147540983603,55304473.78,-2.5641910926454736,54653764.03333334,1.1906037181076758,False,False,False,False,False,0,0,
2026-04,Marketing,Service Revenue,58,1122323.17,,,,,0,19350.39948275862,-5.306697166304816,6.748466257668707,55304473.78,-2.5641910926454736,54653764.03333334,1.1906037181076758,False,False,False,False,False,0,0,
2026-04,Marketing,Software,88,1113193.29,1034037.41,79155.88,107.65503058540212,7.655030585402128,1,12649.92375,8.673153352720545,-3.941782898726504,55304473.78,-2.5641910926454736,54653764.03333334,1.1906037181076758,True,False,False,False,False,1,0,high budget utilization
2026-04,Marketing,Subscription,57,1316626.18,,,,,0,23098.7049122807,8.17716877459945,2.2931206380857443,55304473.78,-2.5641910926454736,54653764.03333334,1.1906037181076758,False,False,False,False,False,0,0,
2026-04,Marketing,Transaction Fees,54,1465055.9,,,,,0,27130.66481481481,27.58994815263129,8.724832214765106,55304473.78,-2.5641910926454736,54653764.03333334,1.1906037181076758,False,True,False,False,False,1,0,high spending deviation
2026-04,Operations,Logistics,104,2128027.72,2007389.75,120637.9700000002,106.00969343397315,6.009693433973159,1,20461.805,-0.2912686453045143,3.1404958677686,55304473.78,-2.5641910926454736,54653764.03333334,1.1906037181076758,True,False,False,False,False,1,0,high budget utilization
2026-04,Operations,Maintenance,98,1424195.1,1464101.97,-39906.86999999988,97.27431075036394,-2.7256892496360674,1,14532.60306122449,4.084307136677533,-1.287073307218796,55304473.78,-2.5641910926454736,54653764.03333334,1.1906037181076758,False,False,False,False,False,0,0,
2026-04,Operations,Product Sales,53,987621.85,,,,,0,18634.374528301887,-26.094439546695885,-11.33828996282528,55304473.78,-2.5641910926454736,54653764.03333334,1.1906037181076758,False,True,False,False,False,1,0,high spending deviation
2026-04,Operations,Service Revenue,54,1100338.63,,,,,0,20376.641296296297,-11.945804522736992,-4.8923679060665375,55304473.78,-2.5641910926454736,54653764.03333334,1.1906037181076758,False,False,False,False,False,0,0,
2026-04,Operations,Subscription,60,1283015.8,,,,,0,21383.596666666668,-7.826911018164363,-1.8181818181818232,55304473.78,-2.5641910926454736,54653764.03333334,1.1906037181076758,False,False,False,False,False,0,0,
2026-04,Operations,Supplies,102,1175563.75,1087811.44,87752.31000000006,108.06686772847326,8.066867728473241,1,11525.134803921568,4.095849022573949,3.96375990939977,55304473.78,-2.5641910926454736,54653764.03333334,1.1906037181076758,True,False,False,False,False,1,0,high budget utilization
2026-04,Operations,Transaction Fees,52,1054891.74,,,,,0,20286.379615384616,-26.392832228734548,-15.675675675675674,55304473.78,-2.5641910926454736,54653764.03333334,1.1906037181076758,False,True,False,False,False,1,0,high spending deviation
2026-04,Operations,Utilities,108,1700622.61,1731044.78,-30422.17000000016,98.242554418494,-1.7574455815059942,1,15746.505648148146,17.43111204024531,11.1492281303602,55304473.78,-2.5641910926454736,54653764.03333334,1.1906037181076758,False,False,False,False,False,0,0,
2026-04,Sales,Client Entertainment,90,918296.73,859950.13,58346.59999999998,106.7848818163444,6.784881816344394,1,10203.297,22.1011296963152,8.000000000000005,55304473.78,-2.5641910926454736,54653764.03333334,1.1906037181076758,True,True,False,False,False,2,1,"high budget utilization, high spending deviation"
2026-04,Sales,Commissions,79,1113973.58,1051741.07,62232.51000000001,105.91709421407305,5.917094214073051,1,14100.931392405064,-3.777603611258997,-5.389221556886228,55304473.78,-2.5641910926454736,54653764.03333334,1.1906037181076758,True,False,False,False,False,1,0,high budget utilization
2026-04,Sales,Product Sales,43,1210685.88,,,,,0,28155.48558139535,3.076975653001669,-16.684607104413352,55304473.78,-2.5641910926454736,54653764.03333334,1.1906037181076758,False,False,False,False,False,0,0,
2026-04,Sales,Service Revenue,46,1056433.92,,,,,0,22965.954782608693,1.7682436314751029,-4.498269896193767,55304473.78,-2.5641910926454736,54653764.03333334,1.1906037181076758,False,False,False,False,False,0,0,
2026-04,Sales,Software,87,971830.16,939964.76,31865.400000000023,103.39006326152058,3.390063261520573,1,11170.461609195405,16.29409829616544,2.8909329829172123,55304473.78,-2.5641910926454736,54653764.03333334,1.1906037181076758,True,False,False,False,False,1,0,high budget utilization
2026-04,Sales,Subscription,43,967068.13,,,,,0,22489.95651162791,-11.49237374042192,-13.90433815350389,55304473.78,-2.5641910926454736,54653764.03333334,1.1906037181076758,False,False,False,False,False,0,0,
2026-04,Sales,Transaction Fees,54,1303682.38,,,,,0,24142.266296296293,9.858997395475672,5.081081081081088,55304473.78,-2.5641910926454736,54653764.03333334,1.1906037181076758,False,False,False,False,False,0,0,
2026-04,Sales,Travel,85,954499.46,974952.47,-20453.01000000001,97.9021531172694,-2.097846882730602,1,11229.405411764705,5.4084543473811735,3.518267929634637,55304473.78,-2.5641910926454736,54653764.03333334,1.1906037181076758,False,False,False,False,False,0,0,
2026-05,Customer Support,Outsourcing,75,933632.58,962485.31,-28852.730000000098,97.00226801383596,-2.997731986164038,1,12448.4344,3.876079247104651,-4.390934844192633,52107467.26,-5.780737617570731,54723949.09333333,-4.781237240153937,False,False,False,False,False,0,0,
2026-05,Customer Support,Product Sales,47,980469.67,,,,,0,20861.05680851064,-15.284407049591058,-6.622516556291395,52107467.26,-5.780737617570731,54723949.09333333,-4.781237240153937,False,False,False,False,False,0,0,
2026-05,Customer Support,Service Revenue,35,794257.59,,,,,0,22693.074,-27.2882525665083,-25.61983471074381,52107467.26,-5.780737617570731,54723949.09333333,-4.781237240153937,False,True,True,False,False,2,1,"high spending deviation, high transaction deviation"
2026-05,Customer Support,Software,101,1088637.53,1059949.52,28688.01000000001,102.7065449305548,2.7065449305548066,1,10778.589405940596,53.61192576326748,34.766493699036324,52107467.26,-5.780737617570731,54723949.09333333,-4.781237240153937,True,True,True,False,False,3,1,"high budget utilization, high spending deviation, high transaction deviation"
2026-05,Customer Support,Subscription,50,1015057.92,,,,,0,20301.1584,-6.084564572352483,5.757931844888365,52107467.26,-5.780737617570731,54723949.09333333,-4.781237240153937,False,False,False,False,False,0,0,
2026-05,Customer Support,Support Tools,88,939992.79,919595.19,20397.600000000093,102.21810642571978,2.218106425719788,1,10681.73625,24.55398928154349,9.771309771309763,52107467.26,-5.780737617570731,54723949.09333333,-4.781237240153937,True,True,False,False,False,2,1,"high budget utilization, high spending deviation"
2026-05,Customer Support,Training,95,729236.71,718468.34,10768.369999999995,101.49879534009808,1.4987953400980751,1,7676.175894736842,33.46605441420271,24.544792425345968,52107467.26,-5.780737617570731,54723949.09333333,-4.781237240153937,True,True,True,False,False,3,1,"high budget utilization, high spending deviation, high transaction deviation"
2026-05,Customer Support,Transaction Fees,52,1097540.68,,,,,0,21106.551538461536,2.659696553175581,8.584686774942002,52107467.26,-5.780737617570731,54723949.09333333,-4.781237240153937,False,False,False,False,False,0,0,
2026-05,Finance,Audit,45,309160.97,303756.72,5404.25,101.77913759405884,1.7791375940588243,1,6870.243777777777,-14.051127192744428,-12.526997840172784,52107467.26,-5.780737617570731,54723949.09333333,-4.781237240153937,True,False,False,False,False,1,0,high budget utilization
2026-05,Finance,Bank Charges,48,215548.27,197305.77,18242.5,109.2458015799538,9.245801579953795,1,4490.588958333333,-7.722158753428454,-6.39219934994583,52107467.26,-5.780737617570731,54723949.09333333,-4.781237240153937,True,False,False,False,False,1,0,high budget utilization
2026-05,Finance,Product Sales,43,774208.62,,,,,0,18004.851627906977,12.360769964058807,38.46153846153845,52107467.26,-5.780737617570731,54723949.09333333,-4.781237240153937,False,False,True,False,False,1,0,high transaction deviation
2026-05,Finance,Professional Services,34,243196.34,255060.73,-11864.390000000014,95.34840584828562,-4.651594151714384,1,7152.833529411764,-32.85189913589282,-26.618705035971225,52107467.26,-5.780737617570731,54723949.09333333,-4.781237240153937,False,True,True,False,False,2,1,"high spending deviation, high transaction deviation"
2026-05,Finance,Service Revenue,32,615042.94,,,,,0,19220.091875,-15.896241495120703,1.5873015873015872,52107467.26,-5.780737617570731,54723949.09333333,-4.781237240153937,False,False,False,False,False,0,0,
2026-05,Finance,Software,54,372457.45,357418.96,15038.48999999999,104.20752441336631,4.2075244133663166,1,6897.360185185185,11.512333023825908,5.4229934924078105,52107467.26,-5.780737617570731,54723949.09333333,-4.781237240153937,True,False,False,False,False,1,0,high budget utilization
2026-05,Finance,Subscription,43,832639.58,,,,,0,19363.711162790696,23.712151606946296,39.96383363471971,52107467.26,-5.780737617570731,54723949.09333333,-4.781237240153937,False,True,True,False,False,2,1,"high spending deviation, high transaction deviation"
2026-05,Finance,Transaction Fees,37,822842.1,,,,,0,22238.97567567568,17.032055734149985,20.216606498194945,52107467.26,-5.780737617570731,54723949.09333333,-4.781237240153937,False,False,True,False,False,1,0,high transaction deviation
2026-05,HR,Benefits,41,242679.49,220011.83,22667.660000000003,110.30292780165504,10.302927801655033,1,5919.011951219512,-6.205782888656935,-9.89010989010989,52107467.26,-5.780737617570731,54723949.09333333,-4.781237240153937,True,False,False,False,False,1,0,high budget utilization
2026-05,HR,Product Sales,34,743734.21,,,,,0,21874.53558823529,8.73350429291547,12.293577981651373,52107467.26,-5.780737617570731,54723949.09333333,-4.781237240153937,False,False,False,False,False,0,0,
2026-05,HR,Recruitment,48,240554.35,234908.38,5645.970000000001,102.40347747492022,2.403477474920223,1,5011.548958333334,-0.2496464379376819,6.273062730627312,52107467.26,-5.780737617570731,54723949.09333333,-4.781237240153937,True,False,False,False,False,1,0,high budget utilization
2026-05,HR,Service Revenue,32,677828.54,,,,,0,21182.141875,-0.8940624213004345,5.109489051094896,52107467.26,-5.780737617570731,54723949.09333333,-4.781237240153937,False,False,False,False,False,0,0,
2026-05,HR,Software,42,265524.09,243943.53,21580.560000000027,108.84653919700187,8.846539197001874,1,6322.002142857144,0.1751430396515053,-10.532544378698224,52107467.26,-5.780737617570731,54723949.09333333,-4.781237240153937,True,False,False,False,False,1,0,high budget utilization
2026-05,HR,Subscription,30,510035.21,,,,,0,17001.173666666666,-21.25659820293613,5.468750000000005,52107467.26,-5.780737617570731,54723949.09333333,-4.781237240153937,False,True,False,False,False,1,0,high spending deviation
2026-05,HR,Training,51,230650.72,234965.42,-4314.700000000012,98.16368723533871,-1.8363127646612896,1,4522.563137254902,8.650183941489088,7.494145199063236,52107467.26,-5.780737617570731,54723949.09333333,-4.781237240153937,False,False,False,False,False,0,0,
2026-05,HR,Transaction Fees,24,393953.81,,,,,0,16414.742083333334,-36.62923702389317,-14.792899408284027,52107467.26,-5.780737617570731,54723949.09333333,-4.781237240153937,False,True,False,False,False,1,0,high spending deviation
2026-05,IT,Cloud Services,98,1932156.48,1984882.06,-52725.58000000008,97.343641667052,-2.656358332948008,1,19715.88244897959,50.598756102276624,36.53250773993809,52107467.26,-5.780737617570731,54723949.09333333,-4.781237240153937,False,True,True,False,False,2,1,"high spending deviation, high transaction deviation"
2026-05,IT,Cybersecurity,69,976705.21,1004803.66,-28098.45000000007,97.2035880124083,-2.796411987591692,1,14155.147971014492,-7.204066796209245,-5.19083969465648,52107467.26,-5.780737617570731,54723949.09333333,-4.781237240153937,False,False,False,False,False,0,0,
2026-05,IT,Hardware,67,1173506.67,1148563.84,24942.82999999984,102.17165377590156,2.17165377590155,1,17515.024925373134,-8.415415848418908,-9.255079006772004,52107467.26,-5.780737617570731,54723949.09333333,-4.781237240153937,True,False,False,False,False,1,0,high budget utilization
2026-05,IT,Product Sales,32,652256.58,,,,,0,20383.018125,-36.605130398791374,-29.411764705882355,52107467.26,-5.780737617570731,54723949.09333333,-4.781237240153937,False,True,True,False,False,2,1,"high spending deviation, high transaction deviation"
2026-05,IT,Service Revenue,30,562873.75,,,,,0,18762.45833333333,-46.04470058504705,-34.38639125151883,52107467.26,-5.780737617570731,54723949.09333333,-4.781237240153937,False,True,True,False,False,2,1,"high spending deviation, high transaction deviation"
2026-05,IT,Software,74,1117422.68,1054620.02,62802.65999999992,105.9550035850827,5.955003585082703,1,15100.306486486486,18.83597354376111,7.592891760904695,52107467.26,-5.780737617570731,54723949.09333333,-4.781237240153937,True,False,False,False,False,1,0,high budget utilization
2026-05,IT,Subscription,44,1091903.64,,,,,0,24815.991818181818,11.074394049272506,-1.6149068322981348,52107467.26,-5.780737617570731,54723949.09333333,-4.781237240153937,False,False,False,False,False,0,0,
2026-05,IT,Transaction Fees,41,794155.35,,,,,0,19369.642682926828,-15.681674401326292,-4.896907216494852,52107467.26,-5.780737617570731,54723949.09333333,-4.781237240153937,False,False,False,False,False,0,0,
2026-05,Marketing,Advertising,89,1572935.83,1456436.96,116498.87000000013,107.99889546884336,7.998895468843369,1,17673.436292134833,5.399222979256339,2.0382165605095466,52107467.26,-5.780737617570731,54723949.09333333,-4.781237240153937,True,False,False,False,False,1,0,high budget utilization
2026-05,Marketing,Content,88,911115.8,909691.97,1423.8300000000745,100.15651781558545,0.156517815585431,1,10353.588636363636,6.252158191314799,-0.6896551724137967,52107467.26,-5.780737617570731,54723949.09333333,-4.781237240153937,True,False,False,False,False,1,0,high budget utilization
2026-05,Marketing,Events,97,1417660.32,1417187.98,472.3400000000838,100.03332938231668,0.0333293823166693,1,14615.054845360826,16.05568132017283,10.927573062261756,52107467.26,-5.780737617570731,54723949.09333333,-4.781237240153937,True,False,False,False,False,1,0,high budget utilization
2026-05,Marketing,Product Sales,63,1151631.94,,,,,0,18279.87206349206,-0.1008021975432858,16.188524590163937,52107467.26,-5.780737617570731,54723949.09333333,-4.781237240153937,False,False,False,False,False,0,0,
2026-05,Marketing,Service Revenue,44,931887.87,,,,,0,21179.26977272727,-21.37421498572717,-19.018404907975462,52107467.26,-5.780737617570731,54723949.09333333,-4.781237240153937,False,True,False,False,False,1,0,high spending deviation
2026-05,Marketing,Software,86,966539.73,899912.66,66627.06999999995,107.4037262682803,7.403726268280296,1,11238.83406976744,-5.6435919589606,-6.12492419648272,52107467.26,-5.780737617570731,54723949.09333333,-4.781237240153937,True,False,False,False,False,1,0,high budget utilization
2026-05,Marketing,Subscription,58,1132504.7,,,,,0,19525.94310344828,-6.950694182666855,4.087736789631108,52107467.26,-5.780737617570731,54723949.09333333,-4.781237240153937,False,False,False,False,False,0,0,
2026-05,Marketing,Transaction Fees,50,1248478.82,,,,,0,24969.5764,8.728511938321475,0.6711409395973202,52107467.26,-5.780737617570731,54723949.09333333,-4.781237240153937,False,False,False,False,False,0,0,
2026-05,Operations,Logistics,104,2191942.12,2100566.94,91375.18000000015,104.35002466524584,4.350024665245859,1,21076.366538461534,2.70344034246024,3.1404958677686,52107467.26,-5.780737617570731,54723949.09333333,-4.781237240153937,True,False,False,False,False,1,0,high budget utilization
2026-05,Operations,Maintenance,82,1388054.2,1343495.53,44558.669999999925,103.31662212527048,3.3166221252704817,1,16927.490243902437,1.4430253798480348,-17.403469501958586,52107467.26,-5.780737617570731,54723949.09333333,-4.781237240153937,True,False,False,False,False,1,0,high budget utilization
2026-05,Operations,Product Sales,44,838168.04,,,,,0,19049.27363636364,-37.2783431733032,-26.394052044609666,52107467.26,-5.780737617570731,54723949.09333333,-4.781237240153937,False,True,True,False,False,2,1,"high spending deviation, high transaction deviation"
2026-05,Operations,Service Revenue,51,1000837.01,,,,,0,19624.25509803921,-19.908385185550177,-10.176125244618396,52107467.26,-5.780737617570731,54723949.09333333,-4.781237240153937,False,False,False,False,False,0,0,
2026-05,Operations,Subscription,64,1527228.4,,,,,0,23862.94375,9.717557031477286,4.727272727272721,52107467.26,-5.780737617570731,54723949.09333333,-4.781237240153937,False,False,False,False,False,0,0,
2026-05,Operations,Supplies,90,1081934.88,1050333.93,31600.950000000183,103.0086574466846,3.0086574466846168,1,12021.498666666668,-4.194961846402054,-8.267270668176675,52107467.26,-5.780737617570731,54723949.09333333,-4.781237240153937,True,False,False,False,False,1,0,high budget utilization
2026-05,Operations,Transaction Fees,53,1306048.24,,,,,0,24642.419622641508,-8.867888264016583,-14.054054054054053,52107467.26,-5.780737617570731,54723949.09333333,-4.781237240153937,False,False,False,False,False,0,0,
2026-05,Operations,Utilities,92,1716288.06,1679807.26,36480.80000000005,102.1717253442517,2.1717253442517,1,18655.305,18.512840110478884,-5.317324185248718,52107467.26,-5.780737617570731,54723949.09333333,-4.781237240153937,True,False,False,False,False,1,0,high budget utilization
2026-05,Sales,Client Entertainment,73,715997.88,750531.6,-34533.71999999997,95.3987653551163,-4.601234644883703,1,9808.1901369863,-4.797493934050352,-12.399999999999997,52107467.26,-5.780737617570731,54723949.09333333,-4.781237240153937,False,False,False,False,False,0,0,
2026-05,Sales,Commissions,74,1129107.82,1020123.07,108984.75000000012,110.68349037533288,10.683490375332862,1,15258.213783783784,-2.470343846335003,-11.377245508982035,52107467.26,-5.780737617570731,54723949.09333333,-4.781237240153937,True,False,False,False,False,1,0,high budget utilization
2026-05,Sales,Product Sales,53,1208897.81,,,,,0,22809.39264150944,2.924740584516465,2.6910656620021465,52107467.26,-5.780737617570731,54723949.09333333,-4.781237240153937,False,False,False,False,False,0,0,
2026-05,Sales,Service Revenue,58,1174007.92,,,,,0,20241.515862068965,13.094365644603055,20.41522491349481,52107467.26,-5.780737617570731,54723949.09333333,-4.781237240153937,False,False,True,False,False,1,0,high transaction deviation
2026-05,Sales,Software,78,865377.92,895891.47,-30513.54999999993,96.594057313661,-3.4059426863389977,1,11094.588717948718,3.555486374091533,-7.7529566360052575,52107467.26,-5.780737617570731,54723949.09333333,-4.781237240153937,False,False,False,False,False,0,0,
2026-05,Sales,Subscription,42,901375.53,,,,,0,21461.322142857145,-17.504665851444084,-15.906562847608452,52107467.26,-5.780737617570731,54723949.09333333,-4.781237240153937,False,False,False,False,False,0,0,
2026-05,Sales,Transaction Fees,53,1340681.32,,,,,0,25295.87396226415,12.976832318653342,3.1351351351351413,52107467.26,-5.780737617570731,54723949.09333333,-4.781237240153937,False,False,False,False,False,0,0,
2026-05,Sales,Travel,83,1018902.58,960367.3,58535.27999999991,106.09509299202502,6.095092992025021,1,12275.93469879518,12.520698637544433,1.0825439783491164,52107467.26,-5.780737617570731,54723949.09333333,-4.781237240153937,True,False,False,False,False,1,0,high budget utilization
2026-06,Customer Support,Outsourcing,63,653501.01,666870.13,-13369.119999999995,97.99524384155578,-2.004756158444223,1,10373.031904761903,-27.291394755287,-19.68838526912181,52598244.3,0.9418554879115248,53336728.446666665,-1.384569635546916,False,True,False,False,False,1,0,high spending deviation
2026-06,Customer Support,Product Sales,50,1390486.12,,,,,0,27809.7224,20.14227441131706,-0.6622516556291438,52598244.3,0.9418554879115248,53336728.446666665,-1.384569635546916,False,True,False,False,False,1,0,high spending deviation
2026-06,Customer Support,Service Revenue,37,933062.91,,,,,0,25217.916486486487,-14.581068527807457,-21.369539551357736,52598244.3,0.9418554879115248,53336728.446666665,-1.384569635546916,False,False,True,False,False,1,0,high transaction deviation
2026-06,Customer Support,Software,65,611437.05,619803.71,-8366.659999999916,98.65011133928192,-1.349888660718071,1,9406.723846153847,-13.72332833912931,-13.269088213491472,52598244.3,0.9418554879115248,53336728.446666665,-1.384569635546916,False,False,False,False,False,0,0,
2026-06,Customer Support,Subscription,44,1048691.58,,,,,0,23833.899545454547,-2.972702912354348,-6.933019976498239,52598244.3,0.9418554879115248,53336728.446666665,-1.384569635546916,False,False,False,False,False,0,0,
2026-06,Customer Support,Support Tools,95,844552.9,773901.65,70651.25,109.12922850080496,9.12922850080498,1,8890.03052631579,11.907701817900618,18.503118503118497,52598244.3,0.9418554879115248,53336728.446666665,-1.384569635546916,True,False,False,False,False,1,0,high budget utilization
2026-06,Customer Support,Training,70,459758.2,437822.36,21935.840000000026,105.01021464504464,5.010214645044631,1,6567.9742857142855,-15.85432809796987,-8.230152949745076,52598244.3,0.9418554879115248,53336728.446666665,-1.384569635546916,True,False,False,False,False,1,0,high budget utilization
2026-06,Customer Support,Transaction Fees,47,1195986.84,,,,,0,25446.528510638294,11.86796837087749,-1.856148491879344,52598244.3,0.9418554879115248,53336728.446666665,-1.384569635546916,False,False,False,False,False,0,0,
2026-06,Finance,Audit,65,493973.46,461850.49,32122.97000000003,106.95527463876893,6.9552746387689295,1,7599.591692307693,37.32801421764187,26.34989200863932,52598244.3,0.9418554879115248,53336728.446666665,-1.384569635546916,True,True,True,False,False,3,1,"high budget utilization, high spending deviation, high transaction deviation"
2026-06,Finance,Bank Charges,58,264804.75,258861.42,5943.329999999987,102.2959504741958,2.295950474195802,1,4565.599137931034,13.364912099911855,13.10942578548212,52598244.3,0.9418554879115248,53336728.446666665,-1.384569635546916,True,False,False,False,False,1,0,high budget utilization
2026-06,Finance,Product Sales,37,887646.35,,,,,0,23990.441891891893,28.8239691025223,19.141323792486578,52598244.3,0.9418554879115248,53336728.446666665,-1.384569635546916,False,True,False,False,False,1,0,high spending deviation
2026-06,Finance,Professional Services,44,373131.41,387709.4,-14577.990000000049,96.23996993624606,-3.760030063753947,1,8480.259318181817,3.0240239398608053,-5.035971223021588,52598244.3,0.9418554879115248,53336728.446666665,-1.384569635546916,False,False,False,False,False,0,0,
2026-06,Finance,Service Revenue,29,617100.12,,,,,0,21279.314482758626,-15.61493338040424,-7.936507936507936,52598244.3,0.9418554879115248,53336728.446666665,-1.384569635546916,False,False,False,False,False,0,0,
2026-06,Finance,Software,71,485642.4,440436.49,45205.91000000003,110.26388844393888,10.263888443938884,1,6840.033802816902,45.39947325336108,38.6117136659436,52598244.3,0.9418554879115248,53336728.446666665,-1.384569635546916,True,True,True,False,False,3,1,"high budget utilization, high spending deviation, high transaction deviation"
2026-06,Finance,Subscription,39,851136.67,,,,,0,21824.017179487186,26.460417311979604,26.94394213381556,52598244.3,0.9418554879115248,53336728.446666665,-1.384569635546916,False,True,True,False,False,2,1,"high spending deviation, high transaction deviation"
2026-06,Finance,Transaction Fees,25,632451.24,,,,,0,25298.0496,-10.047056696768106,-18.77256317689531,52598244.3,0.9418554879115248,53336728.446666665,-1.384569635546916,False,False,False,False,False,0,0,
2026-06,HR,Benefits,49,261873.79,274336.81,-12463.01999999999,95.45703691750298,-4.542963082497018,1,5344.36306122449,1.2127028741912316,7.6923076923076925,52598244.3,0.9418554879115248,53336728.446666665,-1.384569635546916,False,False,False,False,False,0,0,
2026-06,HR,Product Sales,29,586737.54,,,,,0,20232.32896551724,-14.219316569551548,-4.220183486238534,52598244.3,0.9418554879115248,53336728.446666665,-1.384569635546916,False,False,False,False,False,0,0,
2026-06,HR,Recruitment,50,481956.36,469106.32,12850.03999999998,102.73925962029249,2.73925962029247,1,9639.1272,99.85220517311195,10.701107011070118,52598244.3,0.9418554879115248,53336728.446666665,-1.384569635546916,True,True,False,False,False,2,1,"high budget utilization, high spending deviation"
2026-06,HR,Service Revenue,31,592001.47,,,,,0,19096.821612903223,-13.442917684878866,1.8248175182481805,52598244.3,0.9418554879115248,53336728.446666665,-1.384569635546916,False,False,False,False,False,0,0,
2026-06,HR,Software,43,266640.1,258064.8,8575.299999999988,103.32292509478238,3.322925094782391,1,6200.932558139534,0.5961837873428977,-8.402366863905323,52598244.3,0.9418554879115248,53336728.446666665,-1.384569635546916,True,False,False,False,False,1,0,high budget utilization
2026-06,HR,Subscription,31,723810.74,,,,,0,23348.733548387096,11.747814282959265,8.984375000000005,52598244.3,0.9418554879115248,53336728.446666665,-1.384569635546916,False,False,False,False,False,0,0,
2026-06,HR,Training,37,166826.75,158498.81,8327.940000000002,105.25426026857868,5.254260268578674,1,4508.831081081081,-21.41469545874032,-22.01405152224824,52598244.3,0.9418554879115248,53336728.446666665,-1.384569635546916,True,True,True,False,False,3,1,"high budget utilization, high spending deviation, high transaction deviation"
2026-06,HR,Transaction Fees,22,630623.49,,,,,0,28664.70409090909,1.4410590722685854,-21.89349112426036,52598244.3,0.9418554879115248,53336728.446666665,-1.384569635546916,False,False,True,False,False,1,0,high transaction deviation
2026-06,IT,Cloud Services,80,1536325.62,1451330.97,84994.65000000014,105.85632441923292,5.856324419232929,1,19204.07025,19.74637133947812,11.455108359133137,52598244.3,0.9418554879115248,53336728.446666665,-1.384569635546916,True,False,False,False,False,1,0,high budget utilization
2026-06,IT,Cybersecurity,73,1157114.1,1043304.65,113809.45000000008,110.90855389171324,10.908553891713227,1,15850.878082191784,9.9364287539374,0.3053435114503904,52598244.3,0.9418554879115248,53336728.446666665,-1.384569635546916,True,False,False,False,False,1,0,high budget utilization
2026-06,IT,Hardware,65,1150521.52,1051729.64,98791.88000000012,109.39327715438354,9.393277154383528,1,17700.331076923077,-10.20925772271495,-11.963882618510151,52598244.3,0.9418554879115248,53336728.446666665,-1.384569635546916,True,False,False,False,False,1,0,high budget utilization
2026-06,IT,Product Sales,55,1305396.39,,,,,0,23734.47981818181,26.875583105560207,21.3235294117647,52598244.3,0.9418554879115248,53336728.446666665,-1.384569635546916,False,True,True,False,False,2,1,"high spending deviation, high transaction deviation"
2026-06,IT,Service Revenue,50,1242454.23,,,,,0,24849.0846,19.09773726173021,9.356014580801943,52598244.3,0.9418554879115248,53336728.446666665,-1.384569635546916,False,False,False,False,False,0,0,
2026-06,IT,Software,69,993798.59,1006436.84,-12638.25,98.74425801026918,-1.255741989730821,1,14402.878115942029,5.688764925611765,0.323101777059783,52598244.3,0.9418554879115248,53336728.446666665,-1.384569635546916,False,False,False,False,False,0,0,
2026-06,IT,Subscription,49,1101939.27,,,,,0,22488.556530612244,12.09527307221698,9.56521739130435,52598244.3,0.9418554879115248,53336728.446666665,-1.384569635546916,False,False,False,False,False,0,0,
2026-06,IT,Transaction Fees,46,935215.13,,,,,0,20330.76369565217,-0.7048509637995106,6.701030927835045,52598244.3,0.9418554879115248,53336728.446666665,-1.384569635546916,False,False,False,False,False,0,0,
2026-06,Marketing,Advertising,86,1517833.13,1506888.71,10944.419999999924,100.72629252096526,0.7262925209652626,1,17649.222441860464,1.7069033987054352,-1.4012738853503257,52598244.3,0.9418554879115248,53336728.446666665,-1.384569635546916,True,False,False,False,False,1,0,high budget utilization
2026-06,Marketing,Content,91,894792.68,839323.18,55469.5,106.60883689641456,6.6088368964145605,1,9832.886593406594,4.348594749197108,2.6959247648902784,52598244.3,0.9418554879115248,53336728.446666665,-1.384569635546916,True,False,False,False,False,1,0,high budget utilization
2026-06,Marketing,Events,76,1041401.9,1086334.05,-44932.15000000002,95.86387354792018,-4.136126452079821,1,13702.656578947368,-14.7464273863414,-13.087674714104192,52598244.3,0.9418554879115248,53336728.446666665,-1.384569635546916,False,False,False,False,False,0,0,
2026-06,Marketing,Product Sales,38,720213.0,,,,,0,18952.973684210527,-37.52456974499964,-29.918032786885245,52598244.3,0.9418554879115248,53336728.446666665,-1.384569635546916,False,True,True,False,False,2,1,"high spending deviation, high transaction deviation"
2026-06,Marketing,Service Revenue,48,1122809.13,,,,,0,23391.856875,-5.265695466727449,-11.656441717791417,52598244.3,0.9418554879115248,53336728.446666665,-1.384569635546916,False,False,False,False,False,0,0,
2026-06,Marketing,Software,71,876269.84,802182.82,74087.02000000002,109.23567772244238,9.235677722442375,1,12341.828732394366,-14.456000089001714,-22.498483929654338,52598244.3,0.9418554879115248,53336728.446666665,-1.384569635546916,True,False,True,False,False,2,1,"high budget utilization, high transaction deviation"
2026-06,Marketing,Subscription,65,1467344.8,,,,,0,22574.535384615385,20.560572538616,16.650049850448656,52598244.3,0.9418554879115248,53336728.446666665,-1.384569635546916,False,True,False,False,False,1,0,high spending deviation
2026-06,Marketing,Transaction Fees,41,1130767.93,,,,,0,27579.705609756096,-1.522787245620996,-17.4496644295302,52598244.3,0.9418554879115248,53336728.446666665,-1.384569635546916,False,False,False,False,False,0,0,
2026-06,Operations,Logistics,98,2106323.37,2053532.59,52790.78000000003,102.57073008030515,2.570730080305179,1,21493.0956122449,-1.30822588840767,-2.809917355371896,52598244.3,0.9418554879115248,53336728.446666665,-1.384569635546916,True,False,False,False,False,1,0,high budget utilization
2026-06,Operations,Maintenance,93,1184237.73,1107829.64,76408.09000000008,106.8970974634692,6.897097463469211,1,12733.739032258063,-13.452473181404857,-6.323447118074981,52598244.3,0.9418554879115248,53336728.446666665,-1.384569635546916,True,False,False,False,False,1,0,high budget utilization
2026-06,Operations,Product Sales,59,1196735.69,,,,,0,20283.655762711864,-10.446066089038425,-1.301115241635689,52598244.3,0.9418554879115248,53336728.446666665,-1.384569635546916,False,False,False,False,False,0,0,
2026-06,Operations,Service Revenue,60,1526076.66,,,,,0,25434.611,22.12372525076995,5.675146771037181,52598244.3,0.9418554879115248,53336728.446666665,-1.384569635546916,False,True,False,False,False,1,0,high spending deviation
2026-06,Operations,Subscription,60,1463125.73,,,,,0,24385.42883333333,5.112359569463772,-1.8181818181818232,52598244.3,0.9418554879115248,53336728.446666665,-1.384569635546916,False,False,False,False,False,0,0,
2026-06,Operations,Supplies,100,1195192.33,1227457.58,-32265.25,97.37137555499066,-2.6286244450093337,1,11951.9233,5.833954421117859,1.9252548131370293,52598244.3,0.9418554879115248,53336728.446666665,-1.384569635546916,False,False,False,False,False,0,0,
2026-06,Operations,Transaction Fees,52,1249941.04,,,,,0,24037.32769230769,-12.782879657897384,-15.675675675675674,52598244.3,0.9418554879115248,53336728.446666665,-1.384569635546916,False,False,False,False,False,0,0,
2026-06,Operations,Utilities,102,1557499.06,1550461.57,7037.489999999991,100.4538964483976,0.4538964483976208,1,15269.59862745098,7.548168266113299,4.974271012006856,52598244.3,0.9418554879115248,53336728.446666665,-1.384569635546916,True,False,False,False,False,1,0,high budget utilization
2026-06,Sales,Client Entertainment,83,888553.24,861422.82,27130.42000000004,103.14948935297534,3.1494893529753534,1,10705.460722891568,18.146292864748723,-0.3999999999999943,52598244.3,0.9418554879115248,53336728.446666665,-1.384569635546916,True,False,False,False,False,1,0,high budget utilization
2026-06,Sales,Commissions,70,967431.17,939417.75,28013.42000000004,102.98199815790154,2.9819981579015344,1,13820.445285714286,-16.435589506024474,-16.16766467065868,52598244.3,0.9418554879115248,53336728.446666665,-1.384569635546916,True,False,False,False,False,1,0,high budget utilization
2026-06,Sales,Product Sales,57,1371335.91,,,,,0,24058.524736842104,16.754610376026573,10.441334768568346,52598244.3,0.9418554879115248,53336728.446666665,-1.384569635546916,False,False,False,False,False,0,0,
2026-06,Sales,Service Revenue,44,973697.27,,,,,0,22129.48340909091,-6.2019316866859,-8.650519031141863,52598244.3,0.9418554879115248,53336728.446666665,-1.384569635546916,False,False,False,False,False,0,0,
2026-06,Sales,Software,70,617199.52,600335.84,16863.68000000005,102.80904101944006,2.809041019440061,1,8817.136,-26.142792638555147,-17.21419185282523,52598244.3,0.9418554879115248,53336728.446666665,-1.384569635546916,True,True,False,False,False,2,1,"high budget utilization, high spending deviation"
2026-06,Sales,Subscription,35,794303.67,,,,,0,22694.39057142857,-27.304054202498385,-29.922135706340374,52598244.3,0.9418554879115248,53336728.446666665,-1.384569635546916,False,True,True,False,False,2,1,"high spending deviation, high transaction deviation"
2026-06,Sales,Transaction Fees,49,952891.29,,,,,0,19446.761020408165,-19.70154436981693,-4.648648648648643,52598244.3,0.9418554879115248,53336728.446666665,-1.384569635546916,False,False,False,False,False,0,0,
2026-06,Sales,Travel,82,905670.11,905345.98,324.13000000000466,100.0358017826511,0.0358017826510926,1,11044.75743902439,0.0160717154545986,-0.1353179972936439,52598244.3,0.9418554879115248,53336728.446666665,-1.384569635546916,True,False,False,False,False,1,0,high budget utilization
